Date,Open_BTC-USD,High_BTC-USD,Low_BTC-USD,Close_BTC-USD,Adj Close_BTC-USD,Volume_BTC-USD,funding_rate
2019-09-11,10123.035156,10215.948242,9980.776367,10178.37207,10178.37207,15428063426,0.0001
2019-09-12,10176.819336,10442.253906,10099.242188,10410.126953,10410.126953,15323563925,0.0001
2019-09-13,10415.362305,10441.489258,10226.59668,10360.546875,10360.546875,14109864675,0.0001
2019-09-14,10345.40332,10422.133789,10291.694336,10358.048828,10358.048828,13468713124,0.0001
2019-09-16,10347.222656,10386.867188,10189.744141,10276.793945,10276.793945,15160167779,0.0001
2019-09-17,10281.513672,10296.771484,10199.739258,10241.272461,10241.272461,15304603363,0.0001
2019-09-18,10247.795898,10275.928711,10191.469727,10198.248047,10198.248047,16169268880,0.0001
2019-09-19,10200.496094,10295.668945,9851.692383,10266.415039,10266.415039,19937691247,0.0001
2019-09-20,10266.318359,10285.87207,10132.186523,10181.641602,10181.641602,14734189639,0.0001
2019-09-21,10183.648438,10188.097656,10000.708008,10019.716797,10019.716797,13425266806,0.0001
2019-09-22,10024.115234,10074.444336,9922.533203,10070.392578,10070.392578,13199651698,0.0001
2019-09-23,10067.962891,10074.238281,9727.143555,9729.324219,9729.324219,15144925408,0.0001
2019-09-25,8603.428711,8744.828125,8325.396484,8486.993164,8486.993164,21744728353,0.0001
2019-09-26,8487.669922,8515.685547,7895.629395,8118.967773,8118.967773,19258205289,0.0001
2019-09-28,8251.273438,8285.617188,8125.431641,8245.915039,8245.915039,14141152736,0.0001
2019-09-29,8246.037109,8261.707031,7990.49707,8104.185547,8104.185547,13034629109,0.0001
2019-09-30,8104.226563,8314.231445,7830.758789,8293.868164,8293.868164,17115474183,0.0001
2019-10-01,8299.720703,8497.692383,8232.679688,8343.276367,8343.276367,15305343413,0.0001
2019-10-02,8344.212891,8393.041992,8227.695313,8393.041992,8393.041992,13125712443,0.0001
2019-10-03,8390.774414,8414.227539,8146.437012,8259.992188,8259.992188,13668823409,-0.0003222
2019-10-05,8210.149414,8215.526367,8071.120605,8151.500488,8151.500488,12200497197,-0.00025688
2019-10-06,8149.876953,8161.410156,7958.850586,7988.155762,7988.155762,13160830305,-0.00011057
2019-10-09,8229.84082,8627.706055,8169.298828,8595.740234,8595.740234,19384942333,0.0001
2019-10-10,8585.280273,8625.272461,8471.933594,8586.473633,8586.473633,17618660671,0.0001
2019-10-11,8585.262695,8721.780273,8316.181641,8321.756836,8321.756836,19604381101,0.0001
2019-10-12,8315.665039,8415.242188,8313.34082,8336.555664,8336.555664,14532641605,0.0001
2019-10-13,8336.902344,8470.988281,8276.612305,8321.005859,8321.005859,13808286059,0.0001
2019-10-14,8320.832031,8390.208984,8284.130859,8374.686523,8374.686523,15151387859,0.0001
2019-10-15,8373.458008,8410.714844,8182.706543,8205.369141,8205.369141,15220412632,0.0001
2019-10-16,8204.674805,8216.8125,7985.089844,8047.526855,8047.526855,16071646996,0.0001
2019-10-17,8047.8125,8134.831543,8000.942871,8103.911133,8103.911133,14313052244,0.0001
2019-10-18,8100.933594,8138.413574,7902.164063,7973.20752,7973.20752,15651592610,0.0001
2019-10-20,7997.807129,8281.818359,7949.439453,8222.078125,8222.078125,15504249442,0.0001
2019-10-21,8225.115234,8296.694336,8196.416016,8243.720703,8243.720703,15868748866,0.0001
2019-10-22,8243.402344,8296.651367,8074.462891,8078.203125,8078.203125,16803377857,0.0001
2019-10-23,8076.228516,8092.999512,7469.322754,7514.671875,7514.671875,21942878958,0.0001
2019-10-24,7509.728027,7532.867676,7446.98877,7493.48877,7493.48877,16268708849,0.0001
2019-10-25,7490.703125,8691.540039,7479.984375,8660.700195,8660.700195,28705065488,0.0001
2019-10-26,8667.577148,10021.744141,8662.62207,9244.972656,9244.972656,44496255609,0.0001
2019-10-28,9565.101563,9805.118164,9256.148438,9256.148438,9256.148438,30948255332,0.00012485
2019-10-29,9248.44043,9516.180664,9232.648438,9427.6875,9427.6875,28426779937,0.00053797
2019-10-30,9422.462891,9426.874023,9085.370117,9205.726563,9205.726563,27706531577,0.00025294
2019-10-31,9202.458008,9383.161133,9028.717773,9199.584961,9199.584961,26583653947,0.0001317
2019-11-01,9193.992188,9275.657227,9132.047852,9261.104492,9261.104492,24324691031,0.00015873
2019-11-02,9259.783203,9377.486328,9249.587891,9324.717773,9324.717773,21242676385,0.0001
2019-11-03,9324.787109,9379.806641,9141.251953,9235.354492,9235.354492,21132220847,0.0001
2019-11-04,9235.607422,9505.051758,9191.485352,9412.612305,9412.612305,26170255634,0.0001
2019-11-05,9413.004883,9457.417969,9256.931641,9342.527344,9342.527344,26198609048,0.0001
2019-11-06,9340.864258,9423.237305,9305.90918,9360.879883,9360.879883,23133895765,0.0001
2019-11-07,9352.393555,9368.476563,9202.353516,9267.561523,9267.561523,22700383839,0.00027025
2019-11-08,9265.368164,9272.759766,8775.53418,8804.880859,8804.880859,24333037836,0.000125
2019-11-09,8809.46875,8891.818359,8793.163086,8813.582031,8813.582031,17578630606,0.0001
2019-11-10,8812.489258,9103.826172,8806.162109,9055.526367,9055.526367,20587919881,0.0001
2019-11-11,9056.917969,9081.279297,8700.608398,8757.788086,8757.788086,20265510765,0.0001
2019-11-12,8759.751953,8853.768555,8685.427734,8815.662109,8815.662109,20309769107,0.0001
2019-11-13,8812.033203,8836.841797,8761.651367,8808.262695,8808.262695,17545755405,-0.00022089
2019-11-14,8811.936523,8826.943359,8692.551758,8708.094727,8708.094727,19084739975,0.0001
2019-11-15,8705.708008,8730.873047,8484.84375,8491.992188,8491.992188,21796856471,0.0001
2019-11-17,8549.470703,8727.789063,8500.967773,8577.975586,8577.975586,18668638897,0.0001
2019-11-18,8573.980469,8653.280273,8273.573242,8309.286133,8309.286133,21579470673,0.0001
2019-11-19,8305.134766,8408.516602,8099.963379,8206.145508,8206.145508,21083613816,0.0001
2019-11-20,8203.613281,8237.240234,8010.511719,8027.268066,8027.268066,20764300437,0.0001
2019-11-21,8023.644531,8110.098145,7597.381836,7642.75,7642.75,22514243371,0.0001
2019-11-22,7643.569336,7697.382813,6936.706543,7296.577637,7296.577637,34242315785,6.832e-05
2019-11-23,7296.164551,7442.258789,7151.417969,7397.796875,7397.796875,21008924418,-0.0002867
2019-11-24,7398.633789,7408.577148,7029.289063,7047.916992,7047.916992,30433517289,-0.00010216
2019-11-25,7039.977051,7319.856934,6617.166992,7146.133789,7146.133789,42685231262,0.0001
2019-11-26,7145.15918,7320.230469,7098.572266,7218.371094,7218.371094,21129505542,-8.462e-05
2019-11-27,7220.880859,7619.693359,6974.174316,7531.663574,7531.663574,23991412764,-0.00018098
2019-11-28,7536.820313,7730.072754,7454.121582,7463.105957,7463.105957,19050116751,0.0001
2019-11-29,7466.727051,7781.179688,7460.756348,7761.243652,7761.243652,19709695456,0.0001
2019-11-30,7764.057129,7836.102051,7515.849609,7569.629883,7569.629883,17158194786,0.0001
2019-12-01,7571.616211,7571.616211,7291.341797,7424.29248,7424.29248,18720708479,0.0001
2019-12-02,7424.036133,7474.818848,7233.399414,7321.988281,7321.988281,17082040706,0.0001
2019-12-03,7323.975586,7418.858887,7229.356934,7320.145508,7320.145508,14797485769,1.418e-05
2019-12-04,7320.125,7539.784668,7170.922852,7252.034668,7252.034668,21664240918,-3.55e-06
2019-12-05,7253.241699,7743.431641,7232.676758,7448.307617,7448.307617,18816085231,2.564e-05
2019-12-06,7450.561523,7546.996582,7392.175293,7546.996582,7546.996582,18104466307,7.761e-05
2019-12-07,7547.265625,7589.95166,7525.711426,7556.237793,7556.237793,15453520564,0.0001
2019-12-08,7551.338867,7634.606445,7476.091309,7564.345215,7564.345215,15409908086,0.0001
2019-12-09,7561.79541,7618.091797,7365.985352,7400.899414,7400.899414,17872021272,0.0001
2019-12-10,7397.134277,7424.022949,7246.043945,7278.119629,7278.119629,18249031195,0.0001
2019-12-11,7277.197754,7324.15625,7195.527344,7217.427246,7217.427246,16350490689,0.0001
2019-12-12,7216.73877,7266.639648,7164.741211,7243.134277,7243.134277,18927080224,3.16e-05
2019-12-13,7244.662109,7293.560547,7227.122559,7269.68457,7269.68457,17125736940,-7.162e-05
2019-12-14,7268.902832,7308.836426,7097.208984,7124.673828,7124.673828,17137029730,-5.358e-05
2019-12-15,7124.239746,7181.075684,6924.375977,7152.301758,7152.301758,16881129804,-1.788e-05
2019-12-20,7208.636719,7257.921875,7086.124023,7218.816406,7218.816406,22633815180,2.383e-05
2019-12-21,7220.59375,7223.226074,7112.73584,7191.158691,7191.158691,19312552168,-2.37e-06
2019-12-22,7191.188477,7518.033203,7167.179199,7511.588867,7511.588867,23134537956,0.0001
2019-12-23,7508.902344,7656.17627,7326.192383,7355.628418,7355.628418,27831788041,0.0001
2019-12-24,7354.393066,7535.716797,7269.528809,7322.532227,7322.532227,22991622105,0.0001
2019-12-25,7325.755859,7357.02002,7220.991211,7275.155762,7275.155762,21559505149,0.0001
2019-12-26,7274.799316,7388.302734,7200.386719,7238.966797,7238.966797,22787010034,0.0001
2019-12-28,7289.03125,7399.041016,7286.905273,7317.990234,7317.990234,21365673026,-7.701e-05
2019-12-29,7317.647461,7513.948242,7279.865234,7422.652832,7422.652832,22445257702,-0.0002325
2019-12-30,7420.272949,7454.824219,7276.308105,7292.995117,7292.995117,22874131672,-0.00010232
2019-12-31,7294.438965,7335.290039,7169.777832,7193.599121,7193.599121,21167946112,3.936e-05
2020-01-01,7194.89209,7254.330566,7174.944336,7200.174316,7200.174316,18565664997,-0.00012359
2020-01-03,6984.428711,7413.715332,6914.996094,7344.884277,7344.884277,28111481032,-1.664e-05
2020-01-04,7345.375488,7427.385742,7309.51416,7410.656738,7410.656738,18444271275,0.0001
2020-01-05,7410.45166,7544.49707,7400.535645,7411.317383,7411.317383,19725074095,0.0001
2020-01-06,7410.452148,7781.867188,7409.292969,7769.219238,7769.219238,23276261598,0.0001
2020-01-07,7768.682129,8178.21582,7768.227539,8163.692383,8163.692383,28767291327,0.0001
2020-01-08,8161.935547,8396.738281,7956.774414,8079.862793,8079.862793,31672559265,0.00012514
2020-01-09,8082.295898,8082.295898,7842.403809,7879.071289,7879.071289,24045990466,0.0001
2020-01-10,7878.307617,8166.554199,7726.774902,8166.554199,8166.554199,28714583844,0.0001
2020-01-11,8162.190918,8218.359375,8029.64209,8037.537598,8037.537598,25521165085,0.0001
2020-01-12,8033.261719,8200.063477,8009.059082,8192.494141,8192.494141,22903438381,0.0001
2020-01-14,8140.933105,8879.511719,8140.933105,8827.764648,8827.764648,44841784107,0.0001
2020-01-15,8825.34375,8890.117188,8657.1875,8807.010742,8807.010742,40102834650,0.00049392
2020-01-16,8812.481445,8846.460938,8612.095703,8723.786133,8723.786133,31313981931,0.0001
2020-01-17,8725.209961,8958.12207,8677.316406,8929.038086,8929.038086,36372139320,0.0001
2020-01-19,8941.445313,9164.362305,8620.080078,8706.245117,8706.245117,34217320471,0.00020041
2020-01-20,8704.631836,8745.59082,8560.473633,8657.642578,8657.642578,26422375678,0.00029702
2020-01-21,8658.991211,8755.706055,8544.520508,8745.894531,8745.894531,24097418512,0.00012057
2020-01-22,8744.210938,8792.994141,8636.74707,8680.875977,8680.875977,22600204051,0.0001
2020-01-23,8680.650391,8687.74707,8333.637695,8406.515625,8406.515625,25770680779,0.0001
2020-01-24,8405.567383,8514.666992,8266.84082,8445.43457,8445.43457,24397913026,0.00054719
2020-01-25,8440.119141,8458.453125,8296.21875,8367.847656,8367.847656,19647331549,0.0001
2020-01-26,8364.410156,8602.401367,8325.498047,8596.830078,8596.830078,22177678796,0.0001
2020-01-27,8597.308594,8977.726563,8597.308594,8909.819336,8909.819336,28647338393,0.0001
2020-01-28,8912.524414,9358.589844,8908.447266,9358.589844,9358.589844,34398744403,0.0001
2020-01-30,9316.016602,9553.125977,9230.897461,9508.993164,9508.993164,32378792851,0.000236
2020-01-31,9508.313477,9521.706055,9230.776367,9350.529297,9350.529297,29432489719,0.00053551
2020-02-01,9346.357422,9439.323242,9313.239258,9392.875,9392.875,25922656496,0.00074991
2020-02-02,9389.820313,9468.797852,9217.824219,9344.365234,9344.365234,30835736946,0.00028263
2020-02-03,9344.683594,9540.37207,9248.633789,9293.521484,9293.521484,30934096509,0.00060677
2020-02-04,9292.841797,9331.265625,9112.811523,9180.962891,9180.962891,29893183716,0.00099282
2020-02-06,9617.821289,9824.619141,9539.818359,9729.801758,9729.801758,37628823716,0.00164021
2020-02-07,9726.00293,9834.716797,9726.00293,9795.943359,9795.943359,34522718159,0.00035618
2020-02-08,9793.070313,9876.749023,9678.910156,9865.119141,9865.119141,35172043762,0.00039915
2020-02-09,9863.894531,10129.435547,9850.392578,10116.673828,10116.673828,35807884663,0.00042798
2020-02-10,10115.55957,10165.765625,9784.563477,9856.611328,9856.611328,39386548075,0.00106733
2020-02-11,9855.891602,10210.052734,9729.334961,10208.236328,10208.236328,37648059389,0.00043989
2020-02-12,10202.387695,10393.611328,10202.387695,10326.054688,10326.054688,43444303830,0.003
2020-02-14,10211.550781,10321.996094,10125.53418,10312.116211,10312.116211,43338264162,0.0006332
2020-02-15,10313.856445,10341.555664,9874.427734,9889.424805,9889.424805,43865054831,0.00059113
2020-02-16,9889.179688,10053.96875,9722.386719,9934.433594,9934.433594,43374780305,0.00051202
2020-02-17,9936.560547,9938.81543,9507.637695,9690.142578,9690.142578,45998298413,0.00043179
2020-02-18,9691.230469,10161.935547,9632.382813,10141.996094,10141.996094,47271023953,0.00026967
2020-02-19,10143.798828,10191.675781,9611.223633,9633.386719,9633.386719,46992019710,0.00046396
2020-02-21,9611.782227,9723.014648,9589.743164,9686.441406,9686.441406,40930547513,0.0001
2020-02-22,9687.707031,9698.231445,9600.728516,9663.181641,9663.181641,35838025154,0.0001
2020-02-23,9663.318359,9937.404297,9657.791016,9924.515625,9924.515625,41185185761,0.00029663
2020-02-26,9338.290039,9354.77832,8704.426758,8820.522461,8820.522461,50420050762,0.0003617
2020-02-28,8788.728516,8890.456055,8492.932617,8672.455078,8672.455078,44605450443,0.0001
2020-02-29,8671.212891,8775.631836,8599.508789,8599.508789,8599.508789,35792392544,0.00061536
2020-03-01,8599.758789,8726.796875,8471.212891,8562.454102,8562.454102,35349164300,0.00049317
2020-03-02,8563.264648,8921.308594,8532.630859,8869.669922,8869.669922,42857674409,0.0001872
2020-03-03,8865.387695,8901.598633,8704.990234,8787.786133,8787.786133,42386715821,0.0001
2020-03-05,8760.285156,9142.054688,8757.253906,9078.762695,9078.762695,39698054597,0.0001
2020-03-07,9121.600586,9163.220703,8890.744141,8909.954102,8909.954102,36216930370,0.00039476
2020-03-09,8111.146484,8177.793457,7690.098145,7923.644531,7923.644531,46936995808,0.0001
2020-03-10,7922.146973,8136.945313,7814.763184,7909.729492,7909.729492,42213940994,0.0001
2020-03-13,5017.831055,5838.114746,4106.980957,5563.707031,5563.707031,74156772075,-0.00016073
2020-03-14,5573.077637,5625.226563,5125.069336,5200.366211,5200.366211,36154506008,-0.00076421
2020-03-15,5201.066895,5836.64502,5169.283203,5392.314941,5392.314941,33997889639,-0.00047893
2020-03-16,5385.229492,5385.229492,4575.35791,5014.47998,5014.47998,45368026430,-0.00028282
2020-03-17,5002.578125,5371.348633,4981.90918,5225.629395,5225.629395,38622642935,-0.0002383
2020-03-18,5227.11377,5331.833984,5069.335938,5238.438477,5238.438477,37878801016,-0.00014706
2020-03-19,5245.416504,6329.73584,5236.96875,6191.192871,6191.192871,51000731797,-0.00015042
2020-03-20,6191.653809,6844.261719,5865.781738,6198.77832,6198.77832,54442976103,-0.00015469
2020-03-21,6206.521484,6378.135254,5932.823242,6185.066406,6185.066406,42494390880,8.327e-05
2020-03-22,6185.558105,6359.697266,5823.713867,5830.254883,5830.254883,40099664740,-2.842e-05
2020-03-23,5831.374512,6443.93457,5785.004395,6416.314941,6416.314941,46491916000,-0.00016796
2020-03-24,6436.642578,6789.022949,6411.066406,6734.803711,6734.803711,48221910672,0.0001
2020-03-25,6738.716797,6892.51123,6536.92627,6681.062988,6681.062988,44590107888,0.0001
2020-03-27,6719.38916,6793.836426,6466.70166,6469.79834,6469.79834,34585598367,6.223e-05
2020-03-28,6467.253906,6467.500977,6117.837891,6242.193848,6242.193848,34885225901,-0.00012203
2020-03-29,6245.624512,6250.467285,5920.085938,5922.042969,5922.042969,28373690931,-0.00023282
2020-03-30,5925.538574,6517.195801,5903.234375,6429.841797,6429.841797,37101651525,-0.0006431
2020-03-31,6430.606445,6504.515137,6374.162109,6438.644531,6438.644531,32786468812,-5.383e-05
2020-04-02,6606.776367,7088.247559,6595.918457,6793.624512,6793.624512,47660646124,-0.0001933
2020-04-03,6797.396484,7003.220703,6673.335938,6733.387207,6733.387207,38976504903,9.047e-05
2020-04-04,6738.382813,6878.953613,6696.484863,6867.527344,6867.527344,33185988584,6.184e-05
2020-04-06,6788.049805,7271.78125,6782.889648,7271.78125,7271.78125,46896904615,2.364e-05
2020-04-07,7273.644043,7427.939453,7136.714355,7176.414551,7176.414551,44243482668,-0.00012883
2020-04-08,7179.283203,7356.223633,7153.305664,7334.098633,7334.098633,37563249549,-2.763e-05
2020-04-09,7337.966309,7341.448242,7179.094238,7302.089355,7302.089355,34815139178,0.0001
2020-04-11,6867.44043,6926.069824,6789.920898,6859.083008,6859.083008,31222085946,0.0001
2020-04-12,6858.067871,7119.947266,6811.078125,6971.091797,6971.091797,35759567632,0.0001
2020-04-14,6843.281738,6958.557129,6793.821289,6842.427734,6842.427734,34110434052,-1.244e-05
2020-04-15,6845.561523,6928.664551,6633.402832,6642.109863,6642.109863,32288311031,-0.00012803
2020-04-16,6640.454102,7134.450684,6555.504395,7116.804199,7116.804199,46783242377,-7.017e-05
2020-04-17,7116.552734,7167.183105,7050.332031,7096.18457,7096.18457,32513423567,5.926e-05
2020-04-18,7092.291504,7269.956543,7089.24707,7257.665039,7257.665039,32447188386,-3.132e-05
2020-04-19,7260.922363,7280.521973,7167.054688,7189.424805,7189.424805,31311210215,-0.00019142
2020-04-20,7186.873535,7240.290527,6835.50293,6881.958496,6881.958496,37747113936,-1.31e-05
2020-04-21,6879.78418,6934.551758,6834.442383,6880.323242,6880.323242,32589741511,-9.18e-05
2020-04-23,7121.306152,7491.785156,7081.594727,7429.724609,7429.724609,43500782316,-0.0002234
2020-04-24,7434.181641,7574.195801,7434.181641,7550.900879,7550.900879,34636526286,0.0001
2020-04-26,7570.13916,7700.594238,7561.407715,7679.867188,7679.867188,33070154491,0.0001
2020-04-27,7679.418945,7795.601074,7679.418945,7795.601074,7795.601074,36162144725,0.0001
2020-04-28,7796.970215,7814.527344,7730.806641,7807.058594,7807.058594,33187959921,0.0001
2020-04-29,7806.712402,8871.753906,7786.049316,8801.038086,8801.038086,60201052203,0.0001
2020-04-30,8797.669922,9440.650391,8533.255859,8658.553711,8658.553711,66964629541,0.00013208
2020-05-01,8672.782227,9048.023438,8667.763672,8864.766602,8864.766602,44068389997,0.00021072
2020-05-02,8869.057617,9007.1875,8811.366211,8988.59668,8988.59668,40134388683,0.0001
2020-05-03,8983.614258,9167.78125,8830.97168,8897.46875,8897.46875,47101785174,0.0001
2020-05-04,8895.745117,8956.90625,8645.024414,8912.654297,8912.654297,45718796276,0.00011925
2020-05-05,8912.832031,9062.415039,8856.827148,9003.070313,9003.070313,43148462663,0.0001
2020-05-07,9261.895508,9992.664063,9138.322266,9951.518555,9951.518555,61112700562,0.0001
2020-05-08,9936.162109,9996.743164,9767.172852,9842.666016,9842.666016,51780748042,0.00016094
2020-05-09,9840.90625,9913.863281,9580.644531,9593.896484,9593.896484,46566121841,0.00042037
2020-05-10,9591.168945,9595.581055,8395.107422,8756.430664,8756.430664,63325279337,0.00042326
2020-05-11,8755.535156,9033.470703,8374.323242,8601.795898,8601.795898,57119858802,0.0001
2020-05-12,8610.385742,8949.898438,8569.643555,8804.477539,8804.477539,42142717533,0.0001
2020-05-13,8805.387695,9317.878906,8805.387695,9269.987305,9269.987305,45558144023,0.0001
2020-05-14,9271.329102,9793.268555,9255.035156,9733.72168,9733.72168,56426907637,0.0001
2020-05-15,9734.291016,9755.828125,9261.398438,9328.197266,9328.197266,48158802327,0.0001
2020-05-18,9675.695313,9906.030273,9570.359375,9726.575195,9726.575195,41827139896,0.0001
2020-05-20,9725.329102,9804.793945,9447.201172,9522.981445,9522.981445,36546239703,0.0001
2020-05-21,9522.740234,9555.242188,8869.930664,9081.761719,9081.761719,39326160532,-9.027e-05
2020-05-25,8786.107422,8951.005859,8719.667969,8906.93457,8906.93457,31288157264,6.784e-05
2020-05-26,8909.585938,8991.967773,8757.293945,8835.052734,8835.052734,29584186947,-3.5e-07
2020-05-27,8837.380859,9203.320313,8834.157227,9181.017578,9181.017578,32740536902,2.104e-05
2020-05-28,9184.945313,9546.319336,9148.457031,9525.750977,9525.750977,34367073114,-0.00011366
2020-05-29,9528.355469,9573.666992,9379.338867,9439.124023,9439.124023,32896642044,2.618e-05
2020-05-30,9438.914063,9704.030273,9366.729492,9700.414063,9700.414063,32722975141,0.0001
2020-05-31,9700.105469,9700.34375,9432.296875,9461.058594,9461.058594,27773290299,0.0001
2020-06-01,9463.605469,10199.56543,9450.899414,10167.268555,10167.268555,35198901068,0.0001
2020-06-02,10162.973633,10182.34082,9460.571289,9529.803711,9529.803711,39137252109,0.0003448
2020-06-03,9533.760742,9682.859375,9471.84668,9656.717773,9656.717773,25007459262,0.0001
2020-06-06,9664.904297,9773.431641,9591.024414,9653.679688,9653.679688,20438419222,0.0001
2020-06-07,9653.00293,9768.498047,9458.150391,9758.852539,9758.852539,25015250846,0.0001
2020-06-09,9774.360352,9836.369141,9664.719727,9795.700195,9795.700195,23717842783,0.0001
2020-06-10,9794.119141,9908.896484,9728.291016,9870.094727,9870.094727,25706567601,0.0001
2020-06-13,9480.735352,9493.211914,9396.009766,9475.277344,9475.277344,17564322315,-1.942e-05
2020-06-15,9386.035156,9504.860352,8990.175781,9450.702148,9450.702148,26699704768,0.0001
2020-06-17,9533.78418,9540.422852,9327.339844,9480.254883,9480.254883,20177709879,7.764e-05
2020-06-20,9290.959961,9394.97168,9247.379883,9332.34082,9332.34082,17130541557,0.0001
2020-06-21,9330.926758,9401.107422,9300.430664,9303.629883,9303.629883,15324301169,-3.057e-05
2020-06-22,9300.915039,9655.073242,9296.87207,9648.717773,9648.717773,21104009514,0.0001
2020-06-23,9644.076172,9670.541016,9547.24707,9629.658203,9629.658203,17006433272,0.0001
2020-06-25,9314.126953,9340.161133,9095.324219,9264.813477,9264.813477,18616048626,0.0001
2020-06-26,9260.995117,9310.516602,9101.738281,9162.917969,9162.917969,18341465837,9.401e-05
2020-06-29,9140.029297,9237.573242,9041.875977,9190.854492,9190.854492,16460547078,0.0001
2020-06-30,9185.581055,9217.835938,9084.837891,9137.993164,9137.993164,15735797744,0.0001
2020-07-03,9124.842773,9202.344727,9058.794922,9087.303711,9087.303711,13078970999,0.0001
2020-07-05,9126.09082,9162.183594,8977.015625,9073.942383,9073.942383,12903406143,0.0001
2020-07-06,9072.849609,9375.474609,9058.664063,9375.474609,9375.474609,17889263252,0.0001
2020-07-07,9349.161133,9360.617188,9201.81543,9252.277344,9252.277344,13839652595,0.0001
2020-07-08,9253.020508,9450.335938,9249.5,9428.333008,9428.333008,19702359883,0.0001
2020-07-10,9273.357422,9287.47168,9118.001953,9278.807617,9278.807617,16860035605,0.0001
2020-07-11,9277.511719,9293.532227,9199.485352,9240.34668,9240.34668,13249910444,0.0001
2020-07-12,9241.054688,9319.418945,9197.450195,9276.5,9276.5,14452361907,0.0001
2020-07-13,9277.205078,9306.405273,9224.292969,9243.614258,9243.614258,17519821266,0.0001
2020-07-15,9241.897461,9275.325195,9171.933594,9192.836914,9192.836914,15844731575,0.0001
2020-07-16,9191.980469,9214.3125,9088.947266,9132.227539,9132.227539,15713967523,0.0001
2020-07-19,9158.005859,9201.398438,9097.632813,9185.817383,9185.817383,12939002784,0.0001
2020-07-20,9187.220703,9214.270508,9137.509766,9164.231445,9164.231445,13755604146,0.0001
2020-07-21,9162.514648,9407.262695,9149.389648,9374.887695,9374.887695,18069581956,0.0001
2020-07-22,9375.080078,9530.518555,9319.65332,9525.363281,9525.363281,16532254884,0.0001
2020-07-24,9585.514648,9623.336914,9481.454102,9536.892578,9536.892578,16552768325,0.0001
2020-07-25,9539.485352,9704.556641,9530.211914,9677.113281,9677.113281,16610070933,0.0001
2020-07-26,9680.234375,10023.807617,9652.847656,9905.166992,9905.166992,20507998997,0.0001
2020-07-27,9905.217773,11298.22168,9903.969727,10990.873047,10990.873047,35359749590,0.00047138
2020-07-28,11017.463867,11204.327148,10632.631836,10912.823242,10912.823242,28766551142,0.00139484
2020-07-29,10912.953125,11304.397461,10856.141602,11100.467773,11100.467773,24617249715,0.00083621
2020-07-30,11099.833008,11169.356445,10895.455078,11111.213867,11111.213867,22857247901,0.00061759
2020-07-31,11110.210938,11415.864258,10987.053711,11323.466797,11323.466797,23160469766,0.00082654
2020-08-02,11758.764648,12034.144531,11018.129883,11053.614258,11053.614258,27410067336,0.00095567
2020-08-03,11043.768555,11453.079102,11012.415039,11246.348633,11246.348633,20271713443,0.0002585
2020-08-05,11203.823242,11786.617188,11158.285156,11747.022461,11747.022461,24411254471,0.00013898
2020-08-06,11749.871094,11902.335938,11598.713867,11779.773438,11779.773438,23400740340,0.00038867
2020-08-08,11604.553711,11800.064453,11558.431641,11754.045898,11754.045898,17572057837,0.0001
2020-08-09,11737.325195,11806.056641,11548.78418,11675.739258,11675.739258,17489608833,0.0001
2020-08-12,11404.59668,11748.396484,11249.605469,11584.93457,11584.93457,25064548486,0.0001
2020-08-14,11772.65918,12150.994141,11685.455078,11768.871094,11768.871094,24237958589,0.00017598
2020-08-15,11768.697266,11963.203125,11768.697266,11865.698242,11865.698242,23354924400,0.0001
2020-08-16,11866.685547,11934.901367,11737.188477,11892.803711,11892.803711,20583375490,0.0001564
2020-08-17,11895.658203,12359.056641,11806.696289,12254.402344,12254.402344,28227687027,0.00026342
2020-08-19,11990.884766,12028.923828,11687.333008,11758.283203,11758.283203,24502851117,0.00077293
2020-08-21,11878.026367,11899.259766,11564.979492,11592.489258,11592.489258,23762425999,0.0001
2020-08-22,11585.477539,11689.407227,11448.805664,11681.825195,11681.825195,20224191306,0.0001
2020-08-23,11679.696289,11713.429688,11559.920898,11664.847656,11664.847656,18482062658,0.0001
2020-08-25,11773.588867,11778.299805,11189.850586,11366.134766,11366.134766,26301509932,0.0001
2020-08-26,11366.894531,11530.052734,11296.993164,11488.363281,11488.363281,22466660958,0.00023316
2020-08-27,11485.608398,11570.786133,11185.941406,11323.397461,11323.397461,23240415076,0.0001
2020-08-28,11325.295898,11545.615234,11316.422852,11542.5,11542.5,19807127588,0.0001
2020-08-30,11508.713867,11715.264648,11492.381836,11711.505859,11711.505859,19760127945,0.0001
2020-08-31,11713.306641,11768.876953,11598.318359,11680.820313,11680.820313,22285928250,0.0001
2020-09-01,11679.316406,12067.081055,11601.128906,11970.478516,11970.478516,27311555343,0.0001
2020-09-02,11964.823242,11964.823242,11290.793945,11414.03418,11414.03418,28037405299,0.00032895
2020-09-05,10512.530273,10581.571289,9946.675781,10169.567383,10169.567383,44916565292,0.0001
2020-09-09,10134.151367,10350.542969,10017.250977,10242.347656,10242.347656,24128292755,0.0001
2020-09-10,10242.330078,10503.912109,10238.135742,10363.138672,10363.138672,54406443211,0.0001
2020-09-11,10369.02832,10434.922852,10140.836914,10400.915039,10400.915039,45201121775,0.0001
2020-09-13,10452.399414,10577.214844,10224.330078,10323.755859,10323.755859,36506852789,0.0001
2020-09-15,10677.754883,10938.631836,10656.459961,10796.951172,10796.951172,32509451925,-0.0002227
2020-09-19,10933.75293,11134.092773,10909.618164,11094.34668,11094.34668,22764204008,-0.0001155
2020-09-21,10934.925781,10988.304688,10380.260742,10462.259766,10462.259766,28884999244,-7.506e-05
2020-09-24,10248.786133,10771.056641,10231.490234,10760.066406,10760.066406,47144380902,3.817e-05
2020-09-26,10695.575195,10772.999023,10667.28125,10750.723633,10750.723633,46852525493,0.0001
2020-09-27,10746.892578,10803.976563,10622.921875,10775.269531,10775.269531,53745972818,0.0001
2020-09-29,10709.650391,10860.000977,10649.495117,10844.640625,10844.640625,46582396602,0.0001
2020-10-01,10795.254883,10933.624023,10472.356445,10619.452148,10619.452148,40023134100,7.412e-05
2020-10-03,10575.100586,10598.94043,10511.129883,10549.329102,10549.329102,44660271563,0.0001
2020-10-04,10550.44043,10686.0,10534.391602,10669.583008,10669.583008,71251776995,-2.144e-05
2020-10-05,10676.529297,10793.507813,10634.600586,10793.339844,10793.339844,47537578009,-3.381e-05
2020-10-06,10796.306641,10797.578125,10528.890625,10604.40625,10604.40625,42623695307,-1.26e-06
2020-10-07,10603.355469,10680.507813,10562.506836,10668.96875,10668.96875,37799458436,5.11e-06
2020-10-08,10669.371094,10945.737305,10562.606445,10915.685547,10915.685547,63314794397,2.693e-05
2020-10-15,11426.602539,11569.914063,11303.603516,11495.349609,11495.349609,24487233058,0.0001
2020-10-19,11495.038086,11799.092773,11408.290039,11742.037109,11742.037109,23860769928,0.0001
2020-10-22,12801.635742,13161.59375,12717.09375,12965.891602,12965.891602,34729759598,0.0001
2020-10-24,12931.574219,13145.066406,12885.74707,13108.0625,13108.0625,24542317940,0.0001
2020-10-27,13075.242188,13759.668945,13060.837891,13654.21875,13654.21875,33749878156,9.274e-05
2020-10-28,13654.214844,13837.695313,12932.250977,13271.285156,13271.285156,35867318895,3.725e-05
2020-10-29,13271.298828,13612.047852,12980.05957,13437.882813,13437.882813,56499499598,-0.00026006
2020-10-30,13437.874023,13651.516602,13136.198242,13546.522461,13546.522461,30581485201,-0.00015268
2020-11-01,13780.995117,13862.033203,13628.37793,13737.109375,13737.109375,24453857900,-6.386e-05
2020-11-02,13737.032227,13808.323242,13243.160156,13550.489258,13550.489258,30771455468,7.881e-05
2020-11-03,13550.451172,13984.981445,13325.441406,13950.300781,13950.300781,29869951617,-0.00017064
2020-11-04,13950.488281,14218.766602,13580.47168,14133.707031,14133.707031,35116364962,-7.816e-05
2020-11-06,15579.729492,15903.4375,15226.839844,15565.880859,15565.880859,39837841971,0.0001
2020-11-08,14833.753906,15637.320313,14744.110352,15479.567383,15479.567383,26632075029,0.0001
2020-11-11,15290.90918,15916.260742,15290.006836,15701.339844,15701.339844,29772374934,0.0001
2020-11-13,16276.44043,16463.177734,15992.152344,16317.808594,16317.808594,31599492172,0.0001
2020-11-16,15955.577148,16816.181641,15880.706055,16716.111328,16716.111328,31526766675,0.0001
2020-11-21,18621.316406,18936.621094,18444.359375,18642.232422,18642.232422,39650210707,0.0001
2020-11-24,18365.015625,19348.271484,18128.65625,19107.464844,19107.464844,51469565009,0.00050801
2020-12-01,19633.769531,19845.974609,18321.921875,18802.998047,18802.998047,49633658712,0.00045929
2020-12-05,18698.384766,19160.449219,18590.193359,19154.230469,19154.230469,27242455064,0.0001
2020-12-07,19343.128906,19411.828125,18931.142578,19191.630859,19191.630859,26896357742,0.0001
2020-12-09,18320.884766,18626.292969,17935.546875,18553.916016,18553.916016,34420373071,0.0001
2020-12-10,18553.298828,18553.298828,17957.064453,18264.992188,18264.992188,25547132265,0.0001
2020-12-11,18263.929688,18268.453125,17619.533203,18058.904297,18058.904297,27919640985,0.0001
2020-12-14,19144.492188,19305.099609,19012.708984,19246.644531,19246.644531,22473997681,0.0001
2020-12-17,21308.351563,23642.660156,21234.675781,22805.162109,22805.162109,71378606374,0.0001
2020-12-18,22806.796875,23238.601563,22399.8125,23137.960938,23137.960938,40387896275,0.00028532
2020-12-19,23132.865234,24085.855469,22826.472656,23869.832031,23869.832031,38487546580,0.0001
2020-12-23,23781.974609,24024.490234,22802.646484,23241.345703,23241.345703,51146161904,0.0001131
2020-12-25,23733.570313,24710.101563,23463.673828,24664.791016,24664.791016,42068395846,0.00018528
2020-12-27,26439.373047,28288.839844,25922.769531,26272.294922,26272.294922,66479895605,0.0001994
2021-01-02,29376.455078,33155.117188,29091.181641,32127.267578,32127.267578,67865420765,0.0001
2021-01-04,32810.949219,33440.21875,28722.755859,31971.914063,31971.914063,81163475344,0.00164126
2021-01-08,39381.765625,41946.738281,36838.636719,40797.609375,40797.609375,88107519480,0.00213517
2021-01-10,40254.21875,41420.191406,35984.628906,38356.441406,38356.441406,79980747690,0.00145604
2021-01-11,38346.53125,38346.53125,30549.599609,35566.65625,35566.65625,123320567399,0.00086486
2021-01-12,35516.359375,36568.527344,32697.976563,33922.960938,33922.960938,74773277909,0.00033526
2021-01-14,37325.109375,39966.40625,36868.5625,39187.328125,39187.328125,63615990033,0.00078331
2021-01-16,36821.648438,37864.367188,35633.554688,36178.140625,36178.140625,57706187875,0.0001
2021-01-18,35792.238281,37299.285156,34883.84375,36630.074219,36630.074219,49511702429,0.00055375
2021-01-19,36642.234375,37755.890625,36069.804688,36069.804688,36069.804688,57244195486,0.0006167
2021-01-21,35549.398438,35552.679688,30250.75,30825.699219,30825.699219,75643067688,0.00042078
2021-01-23,32985.757813,33360.976563,31493.160156,32067.642578,32067.642578,48354737975,0.0001
2021-01-27,32564.029297,32564.029297,29367.138672,30432.546875,30432.546875,62576762015,0.0001
2021-01-28,30441.041016,33858.3125,30023.207031,33466.097656,33466.097656,76517157706,0.0001
2021-01-30,34295.933594,34834.707031,32940.1875,34269.523438,34269.523438,65141828798,0.00039208
2021-02-02,33533.199219,35896.882813,33489.21875,35510.289063,35510.289063,63088585433,0.00036787
2021-02-07,39250.191406,39621.835938,37446.152344,38903.441406,38903.441406,65500641143,0.00155546
2021-02-08,38886.828125,46203.929688,38076.324219,46196.464844,46196.464844,101467222687,0.00059267
2021-02-11,44898.710938,48463.46875,44187.761719,47909.332031,47909.332031,81388911810,0.00076742
2021-02-12,47877.035156,48745.734375,46424.976563,47504.851563,47504.851563,76555041196,0.00128772
2021-02-15,48696.535156,48875.570313,46347.476563,47945.058594,47945.058594,77069903166,0.0011786
2021-02-20,55887.335938,57505.226563,54626.558594,56099.519531,56099.519531,68145460026,0.00156318
2021-02-23,54204.929688,54204.929688,45290.589844,48824.425781,48824.425781,106102492824,0.00024947
2021-02-26,47180.464844,48370.785156,44454.84375,46339.761719,46339.761719,350967941479,0.0001
2021-03-01,45159.503906,49784.015625,45115.09375,49631.242188,49631.242188,53891300112,0.00016921
2021-03-02,49612.105469,50127.511719,47228.84375,48378.988281,48378.988281,47530897720,0.0001
2021-03-03,48415.816406,52535.136719,48274.320313,50538.242188,50538.242188,53220811975,0.0001
2021-03-04,50522.304688,51735.089844,47656.929688,48561.167969,48561.167969,52343816680,0.0001
2021-03-05,48527.03125,49396.429688,46542.515625,48927.304688,48927.304688,48625928883,0.0001
2021-03-06,48899.230469,49147.21875,47257.527344,48912.382813,48912.382813,34363564661,0.0001
2021-03-08,51174.117188,52314.070313,49506.054688,52246.523438,52246.523438,48597428048,0.0001
2021-03-09,52272.96875,54824.117188,51981.832031,54824.117188,54824.117188,50912227385,0.00072419
2021-03-11,55963.179688,58091.0625,54484.59375,57805.121094,57805.121094,56772343595,0.00095931
2021-03-13,57343.371094,61683.863281,56217.972656,61243.085938,61243.085938,60669829814,0.00047834
2021-03-20,58332.261719,60031.285156,58213.296875,58313.644531,58313.644531,50361731222,0.0004928
2021-03-21,58309.914063,58767.898438,56005.617188,57523.421875,57523.421875,51943414539,0.00031366
2021-03-23,54511.660156,55985.441406,53470.695313,54738.945313,54738.945313,56435023914,0.0002421
2021-03-25,52726.746094,53392.386719,50856.570313,51704.160156,51704.160156,67999812841,0.00011828
2021-03-28,55974.941406,56610.3125,55071.113281,55950.746094,55950.746094,47686580918,0.0001
2021-03-31,58930.277344,59930.027344,57726.417969,58918.832031,58918.832031,65520826225,0.00080754
2021-04-02,59098.878906,60267.1875,58869.28125,59384.3125,59384.3125,58727860620,0.00071058
2021-04-04,57604.839844,58913.746094,57168.675781,58758.554688,58758.554688,50749662970,0.0005209
2021-04-05,58760.875,59891.296875,57694.824219,59057.878906,59057.878906,60706272115,0.00039464
2021-04-07,58186.507813,58731.144531,55604.023438,56048.9375,56048.9375,75645303584,0.00057609
2021-04-09,58326.5625,58937.046875,57807.863281,58245.003906,58245.003906,46655208546,0.00019611
2021-04-19,56191.585938,57520.054688,54368.59375,55724.265625,55724.265625,65344865159,0.0001
2021-04-22,53857.105469,55410.230469,50583.8125,51762.273438,51762.273438,74798630778,0.0001
2021-04-25,50052.832031,50506.019531,47159.484375,49004.253906,49004.253906,46117114240,0.000217
2021-04-27,54030.304688,55416.964844,53319.1875,55033.117188,55033.117188,49448222757,0.0001
2021-04-28,55036.636719,56227.207031,53887.917969,54824.703125,54824.703125,48000572955,0.0001
2021-05-07,56413.953125,58606.632813,55321.847656,57356.402344,57356.402344,68434023376,0.00044645
2021-05-11,55847.242188,56872.542969,54608.652344,56704.574219,56704.574219,61308396325,0.00039557
2021-05-16,46716.636719,49720.042969,43963.351563,46456.058594,46456.058594,64047871555,0.00040248
2021-05-19,42944.976563,43546.117188,30681.496094,37002.441406,37002.441406,126358098747,0.0001
2021-05-21,40596.949219,42172.171875,33616.453125,37304.691406,37304.691406,82051616861,0.0001
2021-05-25,38795.78125,39776.351563,36581.429688,38402.222656,38402.222656,56211915803,0.0001
2021-05-27,39316.890625,40379.617188,37247.902344,38436.96875,38436.96875,43210968721,0.0001
2021-06-05,36880.15625,37917.714844,34900.414063,35551.957031,35551.957031,35959473399,0.0001
2021-06-06,35538.609375,36436.421875,35304.578125,35862.378906,35862.378906,28913440585,0.0001
2021-06-08,33589.519531,34017.386719,31114.443359,33472.632813,33472.632813,49902050442,0.0001
2021-06-14,39016.96875,40978.363281,38757.285156,40218.476563,40218.476563,43148914673,0.0001
2021-06-15,40427.167969,41295.269531,39609.46875,40406.269531,40406.269531,46420149185,8.002e-05
2021-07-01,35035.984375,35035.984375,32883.78125,33572.117188,33572.117188,37838957079,0.0001
2021-07-09,32861.671875,34042.292969,32318.880859,33798.011719,33798.011719,27436021028,-0.00010885
2021-07-12,34254.015625,34592.15625,32697.308594,33155.847656,33155.847656,24321499537,8.851e-05
2021-07-13,33125.46875,33327.101563,32261.419922,32702.025391,32702.025391,19120856669,0.0001
2021-07-14,32723.845703,33061.398438,31639.125,32822.347656,32822.347656,21376531210,0.0001
2021-07-16,31841.550781,32218.40625,31100.673828,31421.539063,31421.539063,23699476918,-0.00011529
2021-07-18,31533.884766,32398.996094,31215.492188,31796.810547,31796.810547,18787986667,0.0001
2021-07-24,33593.730469,34490.390625,33424.859375,34292.445313,34292.445313,21664706865,-7.246e-05
2021-07-26,35384.03125,40499.675781,35287.3125,37337.535156,37337.535156,51022126212,-0.00054841
2021-07-28,39503.1875,40816.070313,38862.4375,39995.90625,39995.90625,38702404695,-2.037e-05
2021-07-31,42196.304688,42231.449219,41110.832031,41626.195313,41626.195313,25802845343,0.0001
2021-08-02,39907.261719,40419.179688,38746.347656,39201.945313,39201.945313,25595265436,0.0001
2021-08-03,39178.402344,39750.03125,37782.050781,38152.980469,38152.980469,26189830450,0.0001
2021-08-04,38213.332031,39952.296875,37589.164063,39747.503906,39747.503906,25372562724,0.0001
2021-08-05,39744.515625,41341.933594,37458.003906,40869.554688,40869.554688,35185031017,0.0001
2021-08-06,40865.867188,43271.660156,39932.179688,42816.5,42816.5,38226483046,0.0001
2021-08-08,44574.4375,45282.351563,43331.910156,43798.117188,43798.117188,36302664750,0.0001
2021-08-09,43791.925781,46456.832031,42848.6875,46365.402344,46365.402344,38734079049,0.0001
2021-08-10,46280.847656,46637.988281,44705.554688,45585.03125,45585.03125,33546019517,0.0001
2021-08-13,44439.691406,47831.976563,44282.417969,47793.320313,47793.320313,31744259539,0.0001
2021-08-18,44686.75,45952.0625,44364.027344,44801.1875,44801.1875,32194123075,0.0001
2021-08-19,44741.882813,46970.761719,43998.316406,46717.578125,46717.578125,37204312299,0.0001
2021-08-20,46723.121094,49342.152344,46650.707031,49339.175781,49339.175781,34706867452,0.0001
2021-08-28,49072.585938,49283.503906,48499.238281,48902.402344,48902.402344,28568103401,0.0001
2021-08-29,48911.25,49644.113281,47925.855469,48829.832031,48829.832031,25889650240,0.0001
2021-08-31,47024.339844,48189.550781,46750.09375,47166.6875,47166.6875,34730363427,0.00036162
2021-09-01,47099.773438,49111.089844,46562.4375,48847.027344,48847.027344,39139399125,0.00044618
2021-09-11,44869.839844,45969.292969,44818.265625,45201.457031,45201.457031,34499835245,0.0001
2021-09-12,45206.628906,46364.878906,44790.460938,46063.269531,46063.269531,27881980161,0.0001
2021-09-13,46057.214844,46598.679688,43591.320313,44963.074219,44963.074219,40969943253,0.0001
2021-09-17,47771.003906,48160.921875,46832.523438,47267.519531,47267.519531,28727713711,0.0001
2021-09-18,47273.527344,48791.78125,47087.285156,48278.363281,48278.363281,28575630451,0.0001
2021-09-24,44894.300781,45080.492188,40936.558594,42839.75,42839.75,42839345714,-7.856e-05
2021-09-27,43234.183594,44313.246094,42190.632813,42235.730469,42235.730469,30980029059,0.0001
2021-09-28,42200.898438,42775.144531,40931.664063,41034.542969,41034.542969,30214940550,2.549e-05
2021-09-29,41064.984375,42545.257813,40829.667969,41564.363281,41564.363281,30602359905,4.448e-05
2021-09-30,41551.269531,44092.601563,41444.582031,43790.894531,43790.894531,31141681925,0.0001
2021-10-02,48137.46875,48282.0625,47465.496094,47711.488281,47711.488281,30614346492,5.277e-05
2021-10-10,54952.820313,56401.304688,54264.257813,54771.578125,54771.578125,39527792364,0.0001
2021-10-21,66002.234375,66600.546875,62117.410156,62210.171875,62210.171875,45908121370,0.00068927
2021-10-29,60624.871094,62927.609375,60329.964844,62227.964844,62227.964844,36856881767,0.0002352
2021-10-30,62239.363281,62330.144531,60918.386719,61888.832031,61888.832031,32157938616,0.00016972
2021-11-02,60963.253906,64242.792969,60673.054688,63226.402344,63226.402344,37746665647,0.00015524
2021-11-05,61460.078125,62541.46875,60844.609375,61125.675781,61125.675781,30605102446,0.00018372
2021-11-09,67549.734375,68530.335938,66382.0625,66971.828125,66971.828125,42357991721,0.00038683
2021-11-10,66953.335938,68789.625,63208.113281,64995.230469,64995.230469,48730828378,0.00037679
2021-11-12,64863.980469,65460.816406,62333.914063,64155.941406,64155.941406,36084893887,0.00018008
2021-11-13,64158.121094,64915.675781,63303.734375,64469.527344,64469.527344,30474228777,0.00015442
2021-11-16,63721.195313,63721.195313,59016.335938,60161.246094,60161.246094,46844335592,0.00035998
2021-11-19,56896.128906,58351.113281,55705.179688,58119.578125,58119.578125,38702407772,0.0001
2021-11-21,59730.507813,60004.425781,58618.929688,58730.476563,58730.476563,26123447605,0.0001
2021-11-25,57165.417969,59367.96875,57146.683594,57274.679688,57274.679688,34284016248,0.00014549
2021-11-26,58960.285156,59183.480469,53569.765625,53569.765625,53569.765625,41810748221,0.00013863
2021-11-30,57830.113281,59113.402344,56057.28125,57005.425781,57005.425781,36708594618,0.0002781
2021-12-01,56907.964844,59041.683594,56553.082031,57229.828125,57229.828125,36858195307,0.00012689
2021-12-02,57217.371094,57349.234375,55895.132813,56477.816406,56477.816406,32379968686,0.00015951
2021-12-08,50667.648438,51171.375,48765.988281,50504.796875,50504.796875,28479699446,0.0001
2021-12-10,47642.144531,50015.253906,47023.699219,47243.304688,47243.304688,30966005122,0.0001
2021-12-15,48379.753906,49473.957031,46671.964844,48896.722656,48896.722656,36541828520,0.0001
2021-12-17,47653.730469,48004.894531,45618.214844,46202.144531,46202.144531,32902725329,0.0001
2021-12-22,48937.097656,49544.796875,48450.941406,48628.511719,48628.511719,24447979559,0.0001
2021-12-25,50854.917969,51176.597656,50236.707031,50429.859375,50429.859375,19030650914,0.0001
2021-12-28,50679.859375,50679.859375,47414.210938,47588.855469,47588.855469,33430376883,0.0001
2022-01-04,46458.851563,47406.546875,45752.464844,45897.574219,45897.574219,42494677905,0.0001
2022-01-10,41910.230469,42199.484375,39796.570313,41821.261719,41821.261719,32104232331,0.0001
2022-01-14,42598.871094,43346.6875,41982.617188,43099.699219,43099.699219,23577403399,5.92e-06
2022-01-15,43101.898438,43724.671875,42669.035156,43177.398438,43177.398438,18371348298,2.282e-05
2022-01-16,43172.039063,43436.808594,42691.023438,43113.878906,43113.878906,17902097845,9.07e-05
2022-01-25,36654.804688,37444.570313,35779.429688,36954.003906,36954.003906,26428189594,0.0001
2022-01-26,36950.515625,38825.410156,36374.90625,36852.121094,36852.121094,31324598034,6.76e-06
2022-01-28,37128.445313,37952.878906,36211.109375,37784.332031,37784.332031,22238830523,-4.93e-06
2022-01-31,37920.28125,38647.261719,36733.574219,38483.125,38483.125,20734730465,8.927e-05
2022-02-06,41441.121094,42500.785156,41244.90625,42412.433594,42412.433594,16142097334,0.0001
2022-02-09,44096.703125,44727.800781,43232.96875,44338.796875,44338.796875,23245887300,8.216e-05
2022-02-11,43571.128906,43810.832031,42114.539063,42407.9375,42407.9375,26954925781,3.895e-05
2022-02-18,40552.132813,40929.152344,39637.617188,40030.976563,40030.976563,23310007704,-4.38e-06
2022-02-21,38423.210938,39394.4375,36950.476563,37075.28125,37075.28125,29280402798,6.5e-05
2022-02-25,38333.746094,39630.324219,38111.34375,39214.21875,39214.21875,26545599159,0.0001
2022-02-28,37706.0,43760.457031,37518.214844,43193.234375,43193.234375,35690014104,-0.00021167
2022-03-02,44357.617188,45077.578125,43432.851563,43924.117188,43924.117188,29183112630,-5.07e-06
2022-03-03,43925.195313,44021.578125,41914.75,42451.789063,42451.789063,24967782593,0.0001
2022-03-10,41974.070313,42004.726563,38832.941406,39437.460938,39437.460938,31078064711,0.0001
2022-03-18,40944.839844,42195.746094,40302.398438,41801.15625,41801.15625,34421564942,0.0001
2022-03-20,42191.40625,42241.164063,41004.757813,41247.824219,41247.824219,20127946682,0.0001
2022-03-29,47100.4375,48022.289063,47100.4375,47465.730469,47465.730469,31397059069,0.0001
2022-03-30,47456.898438,47655.148438,46746.210938,47062.664063,47062.664063,29333883962,0.0001
2022-04-01,45554.164063,46616.242188,44403.140625,46281.644531,46281.644531,38162644287,0.0001
2022-04-02,46285.5,47028.28125,45782.511719,45868.949219,45868.949219,29336594194,0.0001
2022-04-05,46624.507813,47106.140625,45544.808594,45555.992188,45555.992188,29640604055,0.0001
2022-04-08,43505.136719,43903.019531,42183.289063,42287.664063,42287.664063,27215995394,4.306e-05
2022-04-11,42201.039063,42424.589844,39373.058594,39521.902344,39521.902344,33949912166,2.43e-06
2022-04-12,39533.714844,40617.585938,39388.328125,40127.183594,40127.183594,30991500854,-6.795e-05
2022-04-17,40417.777344,40570.726563,39620.894531,39716.953125,39716.953125,19087633042,7.2e-06
2022-04-21,41371.515625,42893.582031,40063.828125,40527.363281,40527.363281,35372786395,1.77e-06
2022-04-23,39738.722656,39935.859375,39352.203125,39486.730469,39486.730469,16138021249,-9.023e-05
2022-04-28,39241.429688,40269.464844,38941.421875,39773.828125,39773.828125,33903704907,-5.716e-05
2022-04-29,39768.617188,39887.269531,38235.535156,38609.824219,38609.824219,30882994649,0.0001
2022-04-30,38605.859375,38771.210938,37697.941406,37714.875,37714.875,23895713731,-9.371e-05
2022-05-01,37713.265625,38627.859375,37585.789063,38469.09375,38469.09375,27002760110,2.403e-05
2022-05-08,35502.941406,35502.941406,33878.964844,34059.265625,34059.265625,36763041910,-2.659e-05
2022-05-09,34060.015625,34222.074219,30296.953125,30296.953125,30296.953125,63355494961,0.0001
2022-05-10,30273.654297,32596.308594,29944.802734,31022.90625,31022.90625,59811038817,0.0001
2022-05-14,29285.642578,30192.802734,28702.910156,30101.265625,30101.265625,28579868620,0.0001
2022-05-15,30098.585938,31308.191406,29527.740234,31305.113281,31305.113281,25835372065,8.29e-05
2022-05-17,29862.408203,30694.490234,29570.302734,30425.857422,30425.857422,29101473475,0.0001
2022-05-19,28720.359375,30430.751953,28708.955078,30314.333984,30314.333984,33773447707,-3.41e-06
2022-05-29,29019.867188,29498.009766,28841.107422,29445.957031,29445.957031,18093886409,0.0001
2022-05-30,29443.365234,31949.630859,29303.572266,31726.390625,31726.390625,39277993274,0.0001
2022-06-01,31792.554688,31957.285156,29501.587891,29799.080078,29799.080078,41135817341,0.0001
2022-06-02,29794.890625,30604.734375,29652.705078,30467.488281,30467.488281,29083562061,-1.452e-05
2022-06-06,29910.283203,31693.291016,29894.1875,31370.671875,31370.671875,31947336829,6.036e-05
2022-06-07,31371.742188,31489.683594,29311.683594,31155.478516,31155.478516,40770974039,0.0001
2022-06-09,30215.279297,30609.310547,30020.265625,30111.998047,30111.998047,21692004719,0.0001
2022-06-15,22196.730469,22642.671875,20178.376953,22572.839844,22572.839844,54912007015,-2.077e-05
2022-06-22,20719.414063,20835.75,19848.078125,19987.029297,19987.029297,28574793478,1.78e-06
2022-06-23,19986.607422,21135.761719,19950.117188,21085.876953,21085.876953,26188097173,-8.72e-06
2022-06-29,20281.169922,20364.15625,19937.791016,20104.023438,20104.023438,23552740328,4.188e-05
2022-06-30,20108.3125,20141.160156,18729.65625,19784.726563,19784.726563,26267239923,3.24e-06
2022-07-02,19274.835938,19371.748047,19027.082031,19242.255859,19242.255859,18100418740,-2.913e-05
2022-07-05,20225.353516,20635.466797,19341.232422,20190.115234,20190.115234,26715546990,5.291e-05
2022-07-09,21716.828125,21877.138672,21445.957031,21592.207031,21592.207031,29641127858,0.0001
2022-07-11,20856.353516,20856.353516,19924.539063,19970.556641,19970.556641,24150249025,4.543e-05
2022-07-12,19970.474609,20043.445313,19308.53125,19323.914063,19323.914063,25810220018,8.003e-05
2022-07-17,21195.041016,21600.640625,20778.179688,20779.34375,20779.34375,22927802083,8.038e-05
2022-07-19,22467.849609,23666.962891,21683.40625,23389.433594,23389.433594,48765202697,0.0001
2022-07-21,23233.201172,23388.322266,22431.148438,23164.628906,23164.628906,33631012204,0.0001
2022-07-24,22465.509766,22974.001953,22306.839844,22609.164063,22609.164063,23565495303,3.77e-05
2022-07-25,22607.15625,22649.121094,21361.642578,21361.701172,21361.701172,35574561406,0.0001
2022-07-29,23845.212891,24294.787109,23481.173828,23804.632813,23804.632813,35887249746,0.0001
2022-08-02,23308.433594,23415.041016,22710.083984,22978.117188,22978.117188,28389250717,0.0001
2022-08-10,23162.898438,24127.414063,22771.519531,23947.642578,23947.642578,32837431722,-1.314e-05
2022-08-14,24429.056641,24974.914063,24206.259766,24319.333984,24319.333984,22994133555,2.396e-05
2022-08-19,23213.3125,23213.3125,20868.847656,20877.552734,20877.552734,40509610260,0.0001
2022-08-20,20872.841797,21350.806641,20856.730469,21166.060547,21166.060547,27595671000,1.07e-05
2022-08-23,21401.044922,21646.203125,20955.138672,21528.087891,21528.087891,31878280659,-3.345e-05
2022-08-29,19615.154297,20357.462891,19600.785156,20297.994141,20297.994141,32637854078,-0.00013623
2022-08-31,19799.582031,20420.990234,19799.582031,20049.763672,20049.763672,33225232872,-2.089e-05
2022-09-03,19969.71875,20037.009766,19698.355469,19832.087891,19832.087891,23613051457,-1.99e-06
2022-09-14,20184.554688,20467.201172,19793.396484,20241.089844,20241.089844,37872380889,-3.953e-05
2022-09-16,19704.005859,19870.628906,19400.076172,19772.583984,19772.583984,30123362273,8.055e-05
2022-09-17,19777.033203,20162.53125,19777.033203,20127.576172,20127.576172,24957448100,3.024e-05
2022-09-18,20127.234375,20127.234375,19387.492188,19419.505859,19419.505859,31254779144,6.428e-05
2022-09-22,18534.650391,19456.910156,18415.591797,19413.550781,19413.550781,41135767926,-0.00011779
2022-09-24,19296.990234,19310.197266,18861.974609,18937.011719,18937.011719,26149643168,2.947e-05
2022-10-02,19311.849609,19370.308594,18970.621094,19044.107422,19044.107422,20765955327,4.262e-05
2022-10-03,19044.068359,19653.542969,19025.226563,19623.580078,19623.580078,30484729489,3.996e-05
2022-10-05,20335.900391,20343.748047,19801.800781,20160.716797,20160.716797,33223790572,0.0001
2022-10-07,19957.558594,20041.085938,19395.792969,19546.849609,19546.849609,29227315390,0.0001
2022-10-09,19417.478516,19542.539063,19349.259766,19446.425781,19446.425781,16837262532,3.246e-05
2022-10-20,19138.085938,19315.199219,18971.458984,19053.740234,19053.740234,24493974420,0.0001
2022-10-22,19172.380859,19248.068359,19132.244141,19208.189453,19208.189453,16104440957,3.721e-05
2022-10-28,20287.957031,20724.980469,20086.068359,20595.351563,20595.351563,43994715910,-1.228e-05
2022-10-29,20595.103516,20988.394531,20566.484375,20818.476563,20818.476563,40369840645,2.484e-05
2022-10-30,20817.982422,20917.005859,20547.462891,20635.603516,20635.603516,31486345556,-2.515e-05
2022-11-01,20494.898438,20647.289063,20359.845703,20485.273438,20485.273438,39819303159,7.22e-06
2022-11-02,20482.958984,20742.810547,20087.134766,20159.503906,20159.503906,55552169483,4.787e-05
2022-11-04,20208.769531,21209.560547,20188.019531,21147.230469,21147.230469,64072727950,4.429e-05
2022-11-08,20600.671875,20664.607422,17603.544922,18541.271484,18541.271484,118992465607,6.515e-05
2022-11-09,18543.761719,18590.458984,15682.692383,15880.780273,15880.780273,102905151606,-0.00013884
2022-11-11,17583.251953,17650.943359,16543.482422,17034.292969,17034.292969,55871616488,-0.00019452
2022-11-14,16352.02832,17109.324219,15872.941406,16618.199219,16618.199219,49630243054,-3.809e-05
2022-11-17,16670.425781,16726.439453,16460.683594,16687.517578,16687.517578,27868914022,-4.542e-05
2022-11-19,16696.220703,16797.876953,16570.410156,16711.546875,16711.546875,16106223492,5.556e-05
2022-11-22,15782.300781,16253.047852,15656.606445,16189.769531,16189.769531,30726828760,-7.485e-05
2022-11-23,16195.588867,16638.193359,16170.50293,16610.707031,16610.707031,32958875628,9.406e-05
2022-11-29,16217.639648,16522.257813,16139.396484,16444.982422,16444.982422,23581685468,4.76e-05
2022-12-07,17089.505859,17109.376953,16750.558594,16848.126953,16848.126953,19675404389,7.887e-05
2022-12-12,17102.5,17212.564453,16899.394531,17206.4375,17206.4375,19617581341,2.406e-05
2022-12-13,17206.441406,17930.085938,17111.763672,17781.318359,17781.318359,26634741631,3.003e-05
2022-12-15,17813.644531,17846.744141,17322.589844,17364.865234,17364.865234,20964448341,0.0001
2022-12-19,16759.041016,16807.527344,16398.136719,16439.679688,16439.679688,17221074814,6.468e-05
2022-12-25,16847.505859,16860.554688,16755.253906,16841.986328,16841.986328,11656379938,5.21e-06
2022-12-30,16641.330078,16643.427734,16408.474609,16602.585938,16602.585938,15929162910,0.0001
2023-01-01,16547.914063,16630.439453,16521.234375,16625.080078,16625.080078,9244361700,0.0001
2023-01-02,16625.509766,16759.34375,16572.228516,16688.470703,16688.470703,12097775227,-1.488e-05
2023-01-04,16680.205078,16964.585938,16667.763672,16863.238281,16863.238281,18421743322,6.489e-05
2023-01-12,18117.59375,19030.087891,17995.203125,18869.587891,18869.587891,34971338710,7.549e-05
2023-01-14,19910.537109,21075.142578,19907.828125,20976.298828,20976.298828,38967784639,8.746e-05
2023-01-19,20686.746094,21163.011719,20685.380859,21086.792969,21086.792969,21152848261,0.0001
2023-01-20,21085.373047,22692.357422,20919.126953,22676.552734,22676.552734,28799154319,0.0001
2023-01-22,22777.986328,23056.730469,22387.900391,22720.416016,22720.416016,24746386230,0.0001
2023-03-03,23476.632813,23479.347656,22213.238281,22362.679688,22362.679688,26062404610,0.0001
2023-03-05,22354.144531,22613.685547,22307.142578,22435.513672,22435.513672,13317001733,1.874e-05
2023-03-08,22216.441406,22268.896484,21708.050781,21718.080078,21718.080078,22536575684,2.917e-05
2023-03-10,20367.001953,20370.595703,19628.253906,20187.244141,20187.244141,39578257695,-8.895e-05
2023-03-22,28158.720703,28803.335938,26759.996094,27307.4375,27307.4375,33382021890,2.68e-06
2023-03-26,27495.523438,28178.144531,27445.046875,27994.330078,27994.330078,13878363192,6.1e-07
2023-03-30,28350.140625,29159.902344,27720.160156,28033.5625,28033.5625,22435349951,6.987e-05
2023-04-01,28473.332031,28802.457031,28297.171875,28411.035156,28411.035156,10876469901,0.0001
2023-04-03,28183.080078,28475.623047,27276.720703,27790.220703,27790.220703,19556501327,1.759e-05
2023-04-05,28169.726563,28739.238281,27843.763672,28177.984375,28177.984375,17052315986,2.76e-05
2023-04-06,28175.226563,28178.384766,27738.759766,28044.140625,28044.140625,13837809380,1.442e-05
2023-04-08,27920.513672,28159.863281,27883.386719,27947.794922,27947.794922,9373255556,2.68e-06
2023-04-10,28336.027344,29771.464844,28189.271484,29652.980469,29652.980469,19282400094,0.0001
2023-04-22,27265.894531,27872.142578,27169.570313,27817.5,27817.5,13125734602,0.0001
2023-04-24,27591.730469,27979.982422,27070.849609,27525.339844,27525.339844,17703288330,4.679e-05
2023-05-04,29031.304688,29353.185547,28694.039063,28847.710938,28847.710938,15548678514,0.0001
2023-05-07,28901.623047,29157.517578,28441.367188,28454.978516,28454.978516,11301355486,4.321e-05
2023-05-08,28450.457031,28663.271484,27310.134766,27694.273438,27694.273438,19122903752,7.2e-06
2023-05-13,26807.769531,27030.482422,26710.873047,26784.078125,26784.078125,9999171605,-1e-07
2023-05-18,27401.650391,27466.527344,26415.101563,26832.208984,26832.208984,15222938600,0.0001
2023-05-19,26826.753906,27128.619141,26700.210938,26890.128906,26890.128906,11258983301,2.716e-05
2023-05-24,27224.603516,27224.603516,26106.576172,26334.818359,26334.818359,16299104428,0.0001
2023-05-25,26329.460938,26591.519531,25890.59375,26476.207031,26476.207031,13851122697,5.82e-05
2023-05-26,26474.181641,26916.669922,26343.949219,26719.291016,26719.291016,12711619225,0.0001
2023-05-29,28075.591797,28432.039063,27563.876953,27745.884766,27745.884766,15181308984,0.0001
2023-06-02,26824.556641,27303.861328,26574.644531,27249.589844,27249.589844,14837415000,4.77e-05
2023-06-03,27252.324219,27317.052734,26958.003906,27075.128906,27075.128906,8385597470,7.42e-05
2023-06-04,27075.123047,27407.019531,26968.224609,27119.066406,27119.066406,9360912318,4.85e-05
2023-06-06,25732.109375,27313.820313,25434.867188,27238.783203,27238.783203,21929670693,-7.157e-05
2023-06-07,27235.650391,27332.181641,26146.988281,26345.998047,26345.998047,19530045082,0.0001
2023-06-09,26505.923828,26770.289063,26339.314453,26480.375,26480.375,11015551640,6.588e-05
2023-06-10,26481.761719,26531.044922,25501.835938,25851.240234,25851.240234,19872933189,8.702e-05
2023-06-12,25934.285156,26087.919922,25675.197266,25902.5,25902.5,11677889997,8.66e-05
2023-06-13,25902.941406,26376.351563,25728.365234,25918.728516,25918.728516,14143474486,0.0001
2023-06-14,25920.257813,26041.800781,24902.152344,25124.675781,25124.675781,14265717766,2.438e-05
2023-06-15,25121.673828,25735.308594,24797.167969,25576.394531,25576.394531,15837384409,-3.265e-05
2023-06-16,25575.283203,26463.173828,25245.357422,26327.462891,26327.462891,16324646965,3.971e-05
2023-06-17,26328.679688,26769.394531,26174.492188,26510.675781,26510.675781,11090276850,9.868e-05
2023-06-18,26510.457031,26675.925781,26325.890625,26336.212891,26336.212891,9565695129,3.706e-05
2023-06-19,26335.441406,26984.611328,26312.832031,26851.029297,26851.029297,12826986222,7.04e-05
2023-06-21,28311.310547,30737.330078,28283.410156,30027.296875,30027.296875,33346760979,6.295e-05
2023-06-22,29995.935547,30495.998047,29679.158203,29912.28125,29912.28125,20653160491,0.0001
2023-06-23,29896.382813,31389.539063,29845.214844,30695.46875,30695.46875,24115570085,0.0001
2023-06-24,30708.738281,30804.148438,30290.146484,30548.695313,30548.695313,12147822496,0.0001
2023-06-25,30545.150391,31041.271484,30327.943359,30480.261719,30480.261719,12703464114,0.0001
2023-06-26,30480.523438,30636.029297,29955.744141,30271.130859,30271.130859,16493186997,0.0001
2023-06-27,30274.320313,31006.787109,30236.650391,30688.164063,30688.164063,16428827944,0.0001
2023-06-28,30696.560547,30703.279297,29921.822266,30086.246094,30086.246094,14571500779,0.0001
2023-06-29,30086.1875,30796.25,30057.203125,30445.351563,30445.351563,13180860821,6.574e-05
2023-06-30,30441.353516,31256.863281,29600.275391,30477.251953,30477.251953,26387306197,0.0001
2023-07-01,30471.847656,30641.289063,30328.865234,30590.078125,30590.078125,9086606733,0.0001
2023-07-02,30587.269531,30766.140625,30264.019531,30620.769531,30620.769531,10533418042,0.0001
2023-07-03,30624.515625,31375.613281,30586.513672,31156.439453,31156.439453,15271884873,0.0001
2023-07-05,30778.724609,30877.330078,30225.613281,30514.166016,30514.166016,12481622280,0.0001
2023-07-06,30507.150391,31460.052734,29892.226563,29909.337891,29909.337891,21129219509,0.0001
2023-07-07,29907.998047,30434.644531,29777.285156,30342.265625,30342.265625,13384770155,6.98e-06
2023-07-08,30346.921875,30374.4375,30080.160156,30292.541016,30292.541016,7509378699,3.757e-05
2023-07-09,30291.611328,30427.589844,30085.591797,30171.234375,30171.234375,7903327692,5.707e-05
2023-07-10,30172.423828,31026.083984,29985.394531,30414.470703,30414.470703,14828209155,-2.182e-05
2023-07-11,30417.632813,30788.314453,30358.097656,30620.951172,30620.951172,12151839152,8.01e-05
2023-07-12,30622.246094,30959.964844,30228.835938,30391.646484,30391.646484,14805659717,7.041e-05
2023-07-13,30387.488281,31814.515625,30268.351563,31476.048828,31476.048828,23686079548,-1.135e-05
2023-07-14,31474.720703,31582.253906,29966.386719,30334.068359,30334.068359,20917902660,0.0001
2023-07-15,30331.783203,30407.78125,30263.462891,30295.806641,30295.806641,8011667756,-7.313e-05
2023-07-17,30249.626953,30336.400391,29685.783203,30145.888672,30145.888672,13240156074,2.785e-05
2023-07-18,30147.070313,30233.65625,29556.427734,29856.5625,29856.5625,13138897269,3.983e-05
2023-07-19,29862.046875,30184.181641,29794.269531,29913.923828,29913.923828,12128602812,0.0001
2023-07-20,29915.25,30195.53125,29638.095703,29792.015625,29792.015625,14655207121,2.652e-05
2023-07-22,29908.697266,29991.615234,29664.121094,29771.802734,29771.802734,7873300598,2.195e-05
2023-07-23,29790.111328,30330.640625,29741.527344,30084.539063,30084.539063,9220145050,2.908e-05
2023-07-24,30081.662109,30093.394531,28934.294922,29176.916016,29176.916016,15395817395,0.0001
2023-07-25,29178.970703,29353.160156,29062.433594,29227.390625,29227.390625,10266772793,7.702e-05
2023-07-26,29225.759766,29675.552734,29113.912109,29354.972656,29354.972656,13497554655,9.451e-05
2023-07-27,29353.798828,29560.966797,29099.351563,29210.689453,29210.689453,10770779217,3.136e-05
2023-07-28,29212.164063,29521.513672,29125.845703,29319.246094,29319.246094,11218474952,4.373e-05
2023-07-29,29319.445313,29396.84375,29264.166016,29356.917969,29356.917969,6481775959,0.0001
2023-07-30,29357.09375,29443.169922,29059.501953,29275.308594,29275.308594,8678454527,8.151e-05
2023-07-31,29278.314453,29489.873047,29131.578125,29230.111328,29230.111328,11656781982,2.369e-05
2023-08-01,29230.873047,29675.732422,28657.023438,29675.732422,29675.732422,18272392391,6.3e-05
2023-08-02,29704.146484,29987.998047,28946.509766,29151.958984,29151.958984,19212655598,0.0001
2023-08-03,29161.8125,29375.707031,28959.488281,29178.679688,29178.679688,12780357746,0.0001
2023-08-04,29174.382813,29302.078125,28885.335938,29074.091797,29074.091797,12036639988,8.116e-05
2023-08-05,29075.388672,29102.464844,28957.796875,29042.126953,29042.126953,6598366353,4.181e-05
2023-08-06,29043.701172,29160.822266,28963.833984,29041.855469,29041.855469,7269806994,0.0001
2023-08-07,29038.513672,29244.28125,28724.140625,29180.578125,29180.578125,13618163710,0.0001
2023-08-08,29180.019531,30176.796875,29113.814453,29765.492188,29765.492188,17570561357,0.0001
2023-08-09,29766.695313,30093.435547,29376.800781,29561.494141,29561.494141,18379521213,8.11e-05
2023-08-11,29424.902344,29517.773438,29253.517578,29397.714844,29397.714844,10195168197,0.0001
2023-08-12,29399.787109,29465.113281,29357.587891,29415.964844,29415.964844,6194358008,0.0001
2023-08-13,29416.59375,29441.433594,29265.806641,29282.914063,29282.914063,7329897180,0.0001
2023-08-16,29169.074219,29221.976563,28701.779297,28701.779297,28701.779297,14949271904,0.0001
2023-08-17,28699.802734,28745.947266,25409.111328,26664.550781,26664.550781,31120851211,0.0001
2023-08-18,26636.078125,26808.195313,25668.921875,26049.556641,26049.556641,24026236529,0.0001
2023-08-19,26047.832031,26249.449219,25802.408203,26096.205078,26096.205078,10631443812,-2.74e-06
2023-08-20,26096.861328,26260.681641,26004.314453,26189.583984,26189.583984,9036580420,-3.069e-05
2023-08-21,26188.691406,26220.201172,25846.087891,26124.140625,26124.140625,13371557893,-2.797e-05
2023-08-22,26130.748047,26135.507813,25520.728516,26031.65625,26031.65625,14503820706,-3.08e-06
2023-08-23,26040.474609,26786.898438,25804.998047,26431.640625,26431.640625,16985265785,7.39e-06
2023-08-24,26431.519531,26554.910156,25914.925781,26162.373047,26162.373047,12871532023,-2.822e-05
2023-08-25,26163.679688,26248.103516,25786.8125,26047.667969,26047.667969,12406045118,-6.59e-06
2023-08-26,26047.234375,26107.384766,25983.878906,26008.462891,26008.462891,6034817316,3.82e-05
2023-08-27,26008.242188,26165.373047,25965.097656,26089.693359,26089.693359,6913768611,9.9e-07
2023-08-28,26089.615234,26198.578125,25880.599609,26106.150391,26106.150391,11002805166,-3.95e-06
2023-08-29,26102.486328,28089.337891,25912.628906,27727.392578,27727.392578,29368391712,8.24e-06
2023-08-30,27726.083984,27760.160156,27069.207031,27297.265625,27297.265625,16343655235,4.868e-05
2023-08-31,27301.929688,27456.078125,25752.929688,25931.472656,25931.472656,20181001451,2.909e-05
2023-09-01,25934.021484,26125.869141,25362.609375,25800.724609,25800.724609,17202862221,2.583e-05
2023-09-02,25800.910156,25970.285156,25753.09375,25868.798828,25868.798828,10100387473,4.998e-05
2023-09-03,25869.472656,26087.148438,25817.03125,25969.566406,25969.566406,8962524523,4.839e-05
2023-09-04,25968.169922,26081.525391,25657.025391,25812.416016,25812.416016,10680635106,2.69e-05
2023-09-05,25814.957031,25858.375,25589.988281,25779.982422,25779.982422,11094740040,5.3e-07
2023-09-06,25783.931641,25953.015625,25404.359375,25753.236328,25753.236328,12752705327,1.737e-05
2023-09-07,25748.3125,26409.302734,25608.201172,26240.195313,26240.195313,11088307100,3.83e-05
2023-09-08,26245.208984,26414.005859,25677.480469,25905.654297,25905.654297,10817356400,-1.525e-05
2023-09-09,25905.425781,25921.976563,25810.494141,25895.677734,25895.677734,5481314132,-5.057e-05
2023-09-10,25895.210938,25978.130859,25640.261719,25832.226563,25832.226563,7899553047,-7.3e-07
2023-09-11,25831.714844,25883.947266,24930.296875,25162.654297,25162.654297,14600006467,-3e-06
2023-09-12,25160.658203,26451.939453,25133.078125,25833.34375,25833.34375,18657279324,2.73e-05
2023-09-13,25837.554688,26376.113281,25781.123047,26228.324219,26228.324219,13072077070,2.342e-05
2023-09-14,26228.277344,26774.623047,26171.451172,26539.673828,26539.673828,13811359124,4.61e-06
2023-09-15,26533.818359,26840.498047,26240.701172,26608.693359,26608.693359,11479735788,-2.641e-05
2023-09-16,26606.199219,26754.769531,26473.890625,26568.28125,26568.28125,7402031417,-1.381e-05
2023-09-17,26567.927734,26617.998047,26445.074219,26534.1875,26534.1875,6774210670,8.97e-06
2023-09-18,26532.994141,27414.734375,26415.515625,26754.28125,26754.28125,15615339655,-5.08e-06
2023-09-19,26760.851563,27488.763672,26681.605469,27211.117188,27211.117188,13807690550,2.468e-05
2023-09-20,27210.228516,27379.505859,26864.082031,27132.007813,27132.007813,13281116604,-2.614e-05
2023-09-22,26564.056641,26726.078125,26495.533203,26579.568359,26579.568359,10578746709,-6.2e-07
2023-09-23,26578.556641,26634.185547,26520.519531,26579.390625,26579.390625,7404700301,6.676e-05
2023-09-24,26579.373047,26716.058594,26221.050781,26256.826172,26256.826172,8192867686,-1.392e-05
2023-09-25,26253.775391,26421.507813,26011.46875,26298.480469,26298.480469,11997833257,-1.26e-05
2023-09-26,26294.757813,26389.884766,26090.712891,26217.25,26217.25,9985498161,-3.91e-05
2023-09-27,26209.498047,26817.841797,26111.464844,26352.716797,26352.716797,11718380997,9.944e-05
2023-09-28,26355.8125,27259.5,26327.322266,27021.546875,27021.546875,14079002707,6.74e-06
2023-09-29,27024.841797,27225.9375,26721.763672,26911.720703,26911.720703,10396435377,-3.894e-05
2023-09-30,26911.689453,27091.794922,26888.96875,26967.916016,26967.916016,5331172801,6.43e-06
2023-10-01,26967.396484,28047.238281,26965.09375,27983.75,27983.75,9503917434,2.95e-06
2023-10-02,27976.798828,28494.458984,27347.787109,27530.785156,27530.785156,19793041322,5.831e-05
2023-10-03,27508.251953,27667.191406,27216.001953,27429.978516,27429.978516,11407814187,4.172e-05
2023-10-04,27429.074219,27826.658203,27248.105469,27799.394531,27799.394531,11143355314,6.031e-05
2023-10-05,27798.646484,28091.861328,27375.601563,27415.912109,27415.912109,11877253670,-3.807e-05
2023-10-06,27412.123047,28252.537109,27215.552734,27946.597656,27946.597656,13492391599,-1.106e-05
