,datetime,funding_rates,BTC_price
0,2022-05-22,2.3e-05,30331.87514173
1,2022-05-23,9e-05,29088.2515419638
2,2022-05-24,-7.7e-05,29643.6837556984
3,2022-05-25,3.3e-05,29577.259880187
4,2022-05-26,5.9e-05,29332.4860467563
5,2022-05-27,8e-05,28612.0413103448
6,2022-05-28,6.7e-05,29045.5206344243
7,2022-05-29,5.8e-05,29430.0689800117
8,2022-05-30,8.3e-05,31735.9549719462
9,2022-05-31,9.7e-05,31831.4095251315
10,2022-06-01,6.5e-05,29825.9221992987
11,2022-06-02,-1.2e-05,30504.2679997078
12,2022-06-03,-1.4e-05,29662.6709708942
13,2022-06-04,3.9e-05,29792.4076779077
14,2022-06-05,2.3e-05,29915.4093009936
15,2022-06-06,5.4e-05,31333.6770197545
16,2022-06-07,9.3e-05,31175.0324289889
17,2022-06-08,0.000109,30228.464698422
18,2022-06-09,7.3e-05,30064.4855289305
19,2022-06-10,7.5e-05,29070.4000300994
20,2022-06-11,2e-05,28360.7899231444
21,2022-06-12,8.7e-05,26830.2839456458
22,2022-06-13,3.5e-05,22316.2570400351
23,2022-06-14,8e-06,22072.8663085915
24,2022-06-15,-0.000104,22520.7910087668
25,2022-06-16,-2.7e-05,20310.1769848042
26,2022-06-17,-5.6e-05,20464.9290873174
27,2022-06-18,4.2e-05,19013.8672536528
28,2022-06-19,5.1e-05,20492.2951683226
29,2022-06-20,6.4e-05,20571.6292247224
30,2022-06-21,0.000105,20688.4651312098
31,2022-06-22,6e-06,20003.1683375219
32,2022-06-23,-5e-06,21097.1028331385
33,2022-06-24,5.4e-05,21299.0769853887
34,2022-06-25,2.3e-05,21468.3431566335
35,2022-06-26,6.4e-05,21066.6209430158
36,2022-06-27,5.5e-05,20751.0516960842
37,2022-06-28,-3e-05,20263.2196393922
38,2022-06-29,4e-05,20080.9480864991
39,2022-06-30,-1.6e-05,19332.9121294565
40,2022-07-01,-3.4e-05,19341.8631240795
41,2022-07-02,-2.4e-05,19231.8317083577
42,2022-07-03,3e-05,19276.5146639392
43,2022-07-04,6.4e-05,20226.2984745763
44,2022-07-05,1.9e-05,20193.3427938048
45,2022-07-06,7.6e-05,20560.8438126826
46,2022-07-07,5.7e-05,21651.4191423144
47,2022-07-08,-3.6e-05,21813.7871239042
48,2022-07-09,7.7e-05,21585.1321922852
49,2022-07-10,4.3e-05,20831.2733915839
50,2022-07-11,3e-05,19971.3294704851
51,2022-07-12,5.3e-05,19339.1534734074
52,2022-07-13,0.0,20155.5278386908
53,2022-07-14,1.3e-05,20552.8990289304
54,2022-07-15,4.5e-05,20831.722700526
55,2022-07-16,4.4e-05,21196.5091428989
56,2022-07-17,4.6e-05,20827.8886085915
57,2022-07-18,8e-05,22305.7066428989
58,2022-07-19,7.6e-05,23371.2026601403
59,2022-07-20,8.3e-05,23280.9356680304
60,2022-07-21,9.3e-05,23152.4093112215
61,2022-07-22,5.9e-05,22706.0835554646
62,2022-07-23,5.5e-05,22484.4592317358
63,2022-07-24,3.5e-05,22653.3570260082
64,2022-07-25,7.2e-05,21510.1255874342
65,2022-07-26,6.4e-05,21181.6591967855
66,2022-07-27,3.2e-05,22898.4150683226
67,2022-07-28,8.2e-05,23838.5568838691
68,2022-07-29,9.6e-05,23950.7403798948
69,2022-07-30,7.1e-05,23623.4349611338
70,2022-07-31,7.8e-05,23356.1722215079
71,2022-08-01,5e-05,23331.4426969608
72,2022-08-02,8.2e-05,23031.4268834015
73,2022-08-03,6e-06,22809.7474418469
74,2022-08-04,6e-06,22628.3320821157
75,2022-08-05,-1.1e-05,23248.9715023378
76,2022-08-06,6.1e-05,22996.2750452952
77,2022-08-07,6.4e-05,23153.6584713618
78,2022-08-08,7.1e-05,23803.6505154296
79,2022-08-09,6.4e-05,23186.2917464641
80,2022-08-10,2e-06,23923.0584830508
81,2022-08-11,5.7e-05,23934.4390561075
82,2022-08-12,6e-05,24396.3088462887
83,2022-08-13,1.5e-05,24426.2225748101
84,2022-08-14,2.5e-05,24314.2021315021
85,2022-08-15,-7e-06,24083.9539748685
86,2022-08-16,4.2e-05,23868.8193530099
87,2022-08-17,3.1e-05,23336.3489310345
88,2022-08-18,5.5e-05,23221.1706028638
89,2022-08-19,7.6e-05,20906.7663141438
90,2022-08-20,2e-06,21146.6548021625
91,2022-08-21,-3.1e-05,21553.9961717125
92,2022-08-22,-7.6e-05,21301.0840581531
93,2022-08-23,-3.4e-05,21534.5143521333
94,2022-08-24,-0.0,21424.9728232028
95,2022-08-25,-2.9e-05,21587.8395844535
96,2022-08-26,2e-06,20246.1655733489
97,2022-08-27,-1.9e-05,20043.9909485681
98,2022-08-28,-1.1e-05,19673.5412188778
99,2022-08-29,-9.3e-05,20270.960383986
100,2022-08-30,3e-06,19825.4632066043
101,2022-08-31,-1e-06,20024.6716059614
102,2022-09-01,5.8e-05,20105.4626072472
103,2022-09-02,3e-05,19948.8567472823
104,2022-09-03,-2.5e-05,19803.8332697253
105,2022-09-04,-1.4e-05,19961.9118907072
106,2022-09-05,4e-05,19797.7967884278
107,2022-09-06,1.2e-05,18846.150537405
108,2022-09-07,-5.5e-05,19292.9070745178
109,2022-09-08,1e-06,19319.1248512566
110,2022-09-09,7e-06,21363.3136152542
111,2022-09-10,5.1e-05,21715.2107980713
112,2022-09-11,5.1e-05,21732.7705686733
113,2022-09-12,5.6e-05,22365.2145601987
114,2022-09-13,6.1e-05,20165.0421607247
115,2022-09-14,-1.7e-05,20246.3660424313
116,2022-09-15,-6e-06,19696.8698661601
117,2022-09-16,4.9e-05,19741.5776168907
118,2022-09-17,2.5e-05,20120.7023459965
119,2022-09-18,4.2e-05,19427.1002626534
120,2022-09-19,2.8e-05,19557.9769582116
121,2022-09-20,5e-05,18872.9498667446
122,2022-09-21,4.9e-05,18506.7607481005
123,2022-09-22,-0.00011,19414.5396449445
124,2022-09-23,3.5e-05,19326.8648199883
125,2022-09-24,2.3e-05,18924.7677872589
126,2022-09-25,1.4e-05,18793.1561531268
127,2022-09-26,-8e-06,19201.1317209234
128,2022-09-27,-8e-06,19106.7389135009
129,2022-09-28,-0.0,19454.937210111
130,2022-09-29,2.8e-05,19540.8664105786
131,2022-09-30,7.3e-05,19435.1946917008
132,2022-10-01,2.1e-05,19311.861629398
133,2022-10-02,3.4e-05,19015.2928050847
134,2022-10-03,1.9e-05,19633.4325859147
135,2022-10-04,6.1e-05,20339.9712811221
136,2022-10-05,4e-05,20155.0996987142
137,2022-10-06,7.4e-05,19950.5477957335
138,2022-10-07,6.5e-05,19539.1439216832
139,2022-10-08,2.9e-05,19416.1772291058
140,2022-10-09,2.3e-05,19428.3671323787
141,2022-10-10,3.2e-05,19154.4042346581
142,2022-10-11,6.4e-05,19039.2820683811
143,2022-10-12,7e-05,19156.9115645821
144,2022-10-13,4.2e-05,19387.8336806546
145,2022-10-14,1.6e-05,19177.6941031561
146,2022-10-15,3.2e-05,19069.8749272355
147,2022-10-16,1.9e-05,19261.7497878434
148,2022-10-17,1.2e-05,19557.0218106371
149,2022-10-18,6.3e-05,19341.4075543542
150,2022-10-19,5.2e-05,19132.1544254822
151,2022-10-20,7.2e-05,19033.3760239626
152,2022-10-21,3.1e-05,19174.8763487434
153,2022-10-22,1.6e-05,19207.6285078901
154,2022-10-23,1.7e-05,19565.4123243717
155,2022-10-24,6.1e-05,19341.460210111
156,2022-10-25,1.9e-05,20094.9611215663
157,2022-10-26,-2.4e-05,20797.0308258328
158,2022-10-27,-1e-05,20280.1751280538
159,2022-10-28,-4e-06,20604.6138535944
160,2022-10-29,2.1e-05,20803.8999205143
161,2022-10-30,-1.1e-05,20616.7033766803
162,2022-10-31,1.9e-05,20490.8581808884
163,2022-11-01,1.9e-05,20483.966530976
164,2022-11-02,4.7e-05,20148.2845537697
165,2022-11-03,3.3e-05,20198.1111860316
166,2022-11-04,3.6e-05,21157.2449275278
167,2022-11-05,3.9e-05,21283.4715999416
168,2022-11-06,3.2e-05,20946.8030359439
169,2022-11-07,7.2e-05,20568.5651183518
170,2022-11-08,4.8e-05,18520.971163647
171,2022-11-09,-0.00013,15758.2912819988
172,2022-11-10,-0.000718,17541.5602866745
173,2022-11-11,0.000173,16916.8506312098
174,2022-11-12,-0.000118,16771.2426718293
175,2022-11-13,-3.4e-05,16320.4983375219
176,2022-11-14,4.7e-05,16629.4784146698
177,2022-11-15,-5.1e-05,16855.59378609
178,2022-11-16,-0.000226,16659.6063345996
179,2022-11-17,-7.4e-05,16675.1790204559
180,2022-11-18,-0.00023,16661.5229576271
181,2022-11-19,6.8e-05,16696.0040581531
182,2022-11-20,-3.7e-05,16246.8446992987
183,2022-11-21,8.9e-05,15778.0174047341
184,2022-11-22,-7.9e-05,16172.8893445354
185,2022-11-23,5.8e-05,16574.0617299825
186,2022-11-24,7e-06,16583.5243445354
187,2022-11-25,-1.5e-05,16522.3887767388
188,2022-11-26,0.0,16448.6413077148
189,2022-11-27,1.7e-05,16436.0707688486
190,2022-11-28,-5e-06,16212.5814161309
191,2022-11-29,5.6e-05,16443.0368199883
192,2022-11-30,3.1e-05,17176.8986914085
193,2022-12-01,-9.9e-05,16961.2918042081
194,2022-12-02,0.000113,17075.1091370544
195,2022-12-03,-6.3e-05,16899.5073831093
196,2022-12-04,5e-05,17121.7149824664
197,2022-12-05,-6.6e-05,16961.3517866745
198,2022-12-06,6.2e-05,17070.5158281707
199,2022-12-07,8.4e-05,16848.2518243717
200,2022-12-08,2e-06,17231.4563223261
201,2022-12-09,-7.8e-05,17136.1490008767
202,2022-12-10,-2e-05,17124.2146797195
203,2022-12-11,-6.6e-05,17094.3606592636
204,2022-12-12,3.2e-05,17195.5249962011
205,2022-12-13,-3.8e-05,17774.9166320865
206,2022-12-14,-1.9e-05,17809.7240835769
207,2022-12-15,-8.4e-05,17344.0544569258
208,2022-12-16,7e-05,16606.1101750438
209,2022-12-17,5.5e-05,16774.3853702513
210,2022-12-18,7.1e-05,16776.1159254822
211,2022-12-19,6.1e-05,16424.1313857393
212,2022-12-20,7.7e-05,16901.8169362946
213,2022-12-21,3.9e-05,16800.5329707773
214,2022-12-22,5.6e-05,16814.2225791935
215,2022-12-23,0.000119,16780.5169798363
216,2022-12-24,0.000114,16837.612170076
217,2022-12-25,4.7e-05,16824.8389736996
218,2022-12-26,6.7e-05,16879.9382273524
219,2022-12-27,9.9e-05,16698.9112708942
220,2022-12-28,7.1e-05,16536.2942001753
221,2022-12-29,9.6e-05,16630.5931551724
222,2022-12-30,8.6e-05,16593.6888287551
223,2022-12-31,0.000118,16524.2178024547
224,2023-01-01,0.000128,16606.7520432496
225,2023-01-02,2.4e-05,16688.7192729398
226,2023-01-03,9.2e-05,16670.0773836937
227,2023-01-04,8.8e-05,16848.3660391584
228,2023-01-05,4.1e-05,16824.8001826417
229,2023-01-06,4.2e-05,16957.8622738165
230,2023-01-07,1.1e-05,16942.6285891292
231,2023-01-08,6.9e-05,17059.2399444769
232,2023-01-09,7.1e-05,17182.3198521333
233,2023-01-10,-2.8e-05,17433.9146320865
234,2023-01-11,-0.00012,17833.7107656341
235,2023-01-12,-3.6e-05,18869.7044842198
236,2023-01-13,-2.5e-05,19868.7247454705
237,2023-01-14,-8.1e-05,21010.9227200468
238,2023-01-15,0.00019,20876.0085561075
239,2023-01-16,8.1e-05,21180.4119485681
240,2023-01-17,8.6e-05,21178.2993962595
241,2023-01-18,1.5e-05,20709.6686040327
242,2023-01-19,9.1e-05,21071.8334152542
243,2023-01-20,6e-06,22660.7169421391
244,2023-01-21,7e-05,22803.172761543
245,2023-01-22,9.2e-05,22716.2771966686
246,2023-01-23,8.5e-05,22929.0248936295
247,2023-01-24,9.6e-05,22611.1268787259
248,2023-01-25,8.1e-05,23109.0845189947
249,2023-01-26,0.000109,23008.6894766219
250,2023-01-27,8.7e-05,23070.4964582116
251,2023-01-28,7.6e-05,23008.8094649328
252,2023-01-29,8.1e-05,23774.9963679135
253,2023-01-30,0.000112,22799.427261543
254,2023-01-31,9.5e-05,23130.0519132087
255,2023-02-01,9.5e-05,23727.2026075395
256,2023-02-02,0.000111,23505.6048430742
257,2023-02-03,9.4e-05,23445.8131773816
258,2023-02-04,8.3e-05,23355.5243863238
259,2023-02-05,8.6e-05,22957.2251905319
260,2023-02-06,0.000106,22745.1650371128
261,2023-02-07,9.1e-05,23266.2692036821
262,2023-02-08,9.7e-05,22937.5799453536
263,2023-02-09,9.5e-05,21818.1989456458
264,2023-02-10,0.00011,21620.5667837522
265,2023-02-11,6.2e-05,21864.8626414378
266,2023-02-12,5.3e-05,21772.1373252484
267,2023-02-13,4e-06,21798.7157168323
268,2023-02-14,9.3e-05,22222.415043834
269,2023-02-15,2.3e-05,24304.6129827586
270,2023-02-16,0.000118,23742.4488354763
271,2023-02-17,7.5e-05,24607.3356054939
272,2023-02-18,0.000104,24636.5266127995
273,2023-02-19,7e-05,24366.9907606663
274,2023-02-20,8.5e-05,24797.8430359439
275,2023-02-21,0.0001,24400.3893898305
276,2023-02-22,9.9e-05,24163.7389812975
277,2023-02-23,0.000101,23910.0342104033
278,2023-02-24,6.5e-05,23175.8242036821
279,2023-02-25,4e-05,23159.8154403857
280,2023-02-26,8e-05,23542.0964281122
281,2023-02-27,8.5e-05,23504.1894178843
282,2023-02-28,4.8e-05,23145.9491277031
283,2023-03-01,3.1e-05,23610.6590902981
284,2023-03-02,8.4e-05,23470.0254815897
285,2023-03-03,9.7e-05,22350.0962340736
286,2023-03-04,2.6e-05,22334.2852638808
287,2023-03-05,4.8e-05,22419.8171390999
288,2023-03-06,3.3e-05,22414.7033056692
289,2023-03-07,0.0,22174.6484725307
290,2023-03-08,5.3e-05,21701.3846227352
291,2023-03-09,9.9e-05,20349.8141732905
292,2023-03-10,-2.4e-05,20240.406694623
293,2023-03-11,5.2e-05,20585.2343290473
294,2023-03-12,1.7e-05,22065.9800359439
295,2023-03-13,0.000103,24154.4290946815
296,2023-03-14,0.000211,24769.0175691409
297,2023-03-15,0.000106,24409.8017518995
298,2023-03-16,9.2e-05,25043.2388468732
299,2023-03-17,4.2e-05,27450.6282933957
300,2023-03-18,8.9e-05,26985.7359915254
301,2023-03-19,9.5e-05,28185.2043319696
302,2023-03-20,8.4e-05,27834.3361090006
303,2023-03-21,6.9e-05,28172.7950558153
304,2023-03-22,-1.2e-05,27341.5571297487
305,2023-03-23,-8e-06,28387.8897495617
306,2023-03-24,9.3e-05,27464.1249453536
307,2023-03-25,3.6e-05,27488.954880187
308,2023-03-26,2e-06,28049.3916911163
309,2023-03-27,4.7e-05,27154.9963702513
310,2023-03-28,-0.0,27283.9634029807
311,2023-03-29,2.3e-05,28389.2917784921
312,2023-03-30,6.4e-05,28021.5583009936
313,2023-03-31,1.5e-05,28514.6813062537
314,2023-04-01,5.8e-05,28494.5638863238
315,2023-04-02,3.1e-05,28161.9980362361
316,2023-04-03,4.5e-05,27850.9799436002
317,2023-04-04,-4.5e-05,28113.9585187025
318,2023-04-05,-1e-06,28190.3116063705
319,2023-04-06,1.6e-05,28049.0744763296
320,2023-04-07,2.8e-05,27936.8042609585
321,2023-04-08,1.9e-05,27964.0512498539
322,2023-04-09,2.6e-05,28357.8072703098
323,2023-04-10,7.3e-05,29687.5651846873
324,2023-04-11,7.7e-05,30247.0959193454
325,2023-04-12,9.4e-05,29913.0035463472
326,2023-04-13,6.2e-05,30370.82207218
327,2023-04-14,2e-05,30458.9700414962
328,2023-04-15,-2.9e-05,30342.0591084161
329,2023-04-16,0.000107,30312.9308533022
330,2023-04-17,9.3e-05,29469.5050727645
331,2023-04-18,3.9e-05,30366.8723813559
332,2023-04-19,0.000107,28796.7440952659
333,2023-04-20,7e-05,28251.2763790181
334,2023-04-21,8.6e-05,27292.0211052016
335,2023-04-22,9e-05,27827.5475920514
336,2023-04-23,2.9e-05,27604.6855742256
337,2023-04-24,6.7e-05,27520.1996729982
338,2023-04-25,5.5e-05,28302.6942180012
339,2023-04-26,3.4e-05,28384.2340333139
340,2023-04-27,3.4e-05,29465.5514272355
341,2023-04-28,3.4e-05,29350.811886616
342,2023-04-29,1.9e-05,29221.5145075979
343,2023-04-30,2.1e-05,29362.0867974868
344,2023-05-01,3.5e-05,28114.9531873174
345,2023-05-02,4.5e-05,28690.5809959088
346,2023-05-03,3.2e-05,29045.0427735243
347,2023-05-04,9.6e-05,28855.8574465225
348,2023-05-05,2.7e-05,29552.9695236704
349,2023-05-06,9.3e-05,28899.4629602572
350,2023-05-07,3.8e-05,28761.738434249
351,2023-05-08,3.7e-05,27727.2854091175
352,2023-05-09,5.9e-05,27642.4281092928
353,2023-05-10,5.3e-05,27646.004902104
354,2023-05-11,-1e-06,26986.271065751
355,2023-05-12,3.1e-05,26773.3443591467
356,2023-05-13,2.1e-05,26841.3982913501
357,2023-05-14,1.7e-05,26918.261597896
358,2023-05-15,4.3e-05,27231.6216052016
359,2023-05-16,6.1e-05,27025.7181864407
360,2023-05-17,9.4e-05,27401.0440610754
361,2023-05-18,6.8e-05,26843.2350938048
362,2023-05-19,3.6e-05,26889.503631502
363,2023-05-20,5.6e-05,27100.8582878434
364,2023-05-21,2e-05,26777.0977831677
365,2023-05-22,3.8e-05,26858.7370637054
366,2023-05-23,8.5e-05,27226.8558763881
367,2023-05-24,0.000107,26341.4306446522
368,2023-05-25,6.4e-05,26484.8359234366
369,2023-05-26,7e-05,26720.3838071303
370,2023-05-27,2.4e-05,26854.5403702513
371,2023-05-28,6.5e-05,28097.5211259497
372,2023-05-29,7.4e-05,27765.0728693746
373,2023-05-30,6.7e-05,27712.4915844535
374,2023-05-31,5.8e-05,27217.6832580362
375,2023-06-01,3e-05,26825.3713451198
376,2023-06-02,7.1e-05,27255.2279941555
377,2023-06-03,9.1e-05,27079.4084643483
378,2023-06-04,5.6e-05,27158.25456955
379,2023-06-05,8.5e-05,25785.8514842198
380,2023-06-06,8.5e-05,27213.7705187025
381,2023-06-07,0.000103,26339.5790292227
382,2023-06-08,5.7e-05,26521.693600526
383,2023-06-09,6.9e-05,26470.6775780245
384,2023-06-10,9.3e-05,25863.2138506721
385,2023-06-11,5.5e-05,25906.8281516657
386,2023-06-12,8.2e-05,25906.7519354179
387,2023-06-13,8.6e-05,25880.8599734074
388,2023-06-14,2.5e-05,25097.5853796026
389,2023-06-15,1e-06,25559.1433293396
390,2023-06-16,5.5e-05,26331.8200943892
391,2023-06-17,4e-05,26514.1713495032
392,2023-06-18,4.4e-05,26353.962682934
393,2023-06-19,6.5e-05,26778.0634415547
394,2023-06-20,4.7e-05,28305.4204573349
395,2023-06-21,1.1e-05,30099.5153509643
396,2023-06-22,0.000139,29952.5112866745
397,2023-06-23,8.5e-05,30638.3537644652
398,2023-06-24,9.5e-05,30549.0162872589
399,2023-06-25,9.9e-05,30467.4403705435
400,2023-06-26,0.000112,30255.8861241964
401,2023-06-27,9.4e-05,30667.0762948568
402,2023-06-28,7.5e-05,30104.0432717709
403,2023-06-29,7.1e-05,30460.792978083
404,2023-06-30,0.000103,30484.503257744
405,2023-07-01,9.8e-05,30581.6889655172
406,2023-07-02,0.000103,30594.2164736996
407,2023-07-03,9.7e-05,31135.3575993571
408,2023-07-04,0.000105,30799.9474558738
409,2023-07-05,9.7e-05,30497.8221282876
410,2023-07-06,6.7e-05,29979.7298094681
411,2023-07-07,2.5e-05,30329.8829786674
412,2023-07-08,2.5e-05,30263.6196341321
413,2023-07-09,4.7e-05,30163.2210563998
414,2023-07-10,2.1e-05,30394.6555806546
415,2023-07-11,6e-05,30616.247094097
416,2023-07-12,8.5e-05,30385.6087852133
417,2023-07-13,1.5e-05,31434.7354704851
418,2023-07-14,0.00012,30310.6720204559
419,2023-07-15,-3.3e-05,30290.8905958504
420,2023-07-16,2.1e-05,30249.7729658095
421,2023-07-17,3.7e-05,30143.7462744009
422,2023-07-18,2.7e-05,29835.7474076563
423,2023-07-19,8.2e-05,29913.0294646406
424,2023-07-20,2.5e-05,29805.6065707189
425,2023-07-21,2.9e-05,29919.6934921099
426,2023-07-22,4e-06,29726.0096271186
427,2023-07-23,4.9e-05,30066.5724482759
428,2023-07-24,5.3e-05,29178.3597042665
429,2023-07-25,7.8e-05,29221.2548533022
430,2023-07-26,4.6e-05,29361.5917580362
431,2023-07-27,2.1e-05,29201.6865175336
432,2023-07-28,4.8e-05,29316.3130751023
433,2023-07-29,9.3e-05,29360.376179135
434,2023-07-30,6.3e-05,29262.8367337814
435,2023-07-31,2.2e-05,29219.8201887785
436,2023-08-01,8e-05,29499.5875385739
437,2023-08-02,9.1e-05,29143.1519620105
438,2023-08-03,9.7e-05,29192.3448617767
439,2023-08-04,9e-05,29057.2532437171
440,2023-08-05,6e-05,29053.0956975453
441,2023-08-06,0.000101,29048.0433275862
442,2023-08-07,0.000103,29164.3585873758
443,2023-08-08,9.9e-05,29779.511383986
444,2023-08-09,3.9e-05,29582.9442375804
445,2023-08-10,9.9e-05,29430.1599117475
446,2023-08-11,8.3e-05,29399.784739626
447,2023-08-12,0.000105,29415.733902104
448,2023-08-13,9.8e-05,29286.1176110462
449,2023-08-14,0.00011,29408.9717127411
450,2023-08-15,9.1e-05,29167.59721654
451,2023-08-16,0.000108,28754.2924079486
452,2023-08-17,0.000108,26660.5627264757
453,2023-08-18,0.000108,26037.3658474576
454,2023-08-19,-1e-05,26093.981808007
455,2023-08-20,-8e-06,26176.4721642315
456,2023-08-21,-3.6e-05,26128.9050160725
457,2023-08-22,3e-06,25978.2096914085
458,2023-08-23,2.7e-05,26452.1935882525
459,2023-08-24,-3.4e-05,26126.7943331385
460,2023-08-25,2.5e-05,26040.881255114
461,2023-08-26,3.1e-05,26006.1740800701
462,2023-08-27,3.1e-05,26086.3612594974
463,2023-08-28,6e-06,26103.2765730567
464,2023-08-29,1.8e-05,27672.2221306254
465,2023-08-30,6e-05,27298.997779661
466,2023-08-31,2.7e-05,25954.8665935126
467,2023-09-01,2e-05,25802.7885298071
468,2023-09-02,6.2e-05,25868.2960976037
469,2023-09-03,7.8e-05,25962.5475689655
470,2023-09-04,2.5e-05,25799.5256870251
471,2023-09-05,5e-06,25782.3622200468
472,2023-09-06,2.2e-05,25754.7902676797
473,2023-09-07,3.7e-05,26210.6045637054
474,2023-09-08,-5e-06,25904.6982127411
475,2023-09-09,-1.3e-05,25894.6205976037
476,2023-09-10,7e-06,25831.4647802455
477,2023-09-11,2.3e-05,25135.0393781414
478,2023-09-12,2.7e-05,25859.7018068381
479,2023-09-13,2.6e-05,26226.8667524839
480,2023-09-14,-7e-06,26556.056943308
481,2023-09-15,-1.5e-05,26672.6160818235
482,2023-09-16,-1.2e-05,26555.6361031561
483,2023-09-17,1.9e-05,26502.4321189363
484,2023-09-18,-3e-06,26764.6319064874
485,2023-09-19,1.6e-05,27215.0504848042
486,2023-09-20,2e-06,27133.4037235535
487,2023-09-21,3e-06,26571.5952919345
488,2023-09-22,-9e-06,26561.13345419872
489,2023-09-23,4.4e-05,26575.776386616
490,2023-09-24,9e-06,26286.6410488019
491,2023-09-25,-3e-06,26288.8095005845
492,2023-09-26,-4.5e-05,26194.5378880772
493,2023-09-27,5.2e-05,26336.0825973115
494,2023-09-28,2.3e-05,27033.4254415546
495,2023-09-29,-3.2e-05,26911.2514739918
496,2023-09-30,4.5e-05,26977.6933126826
497,2023-10-01,2.4e-05,27950.1453594389
498,2023-10-02,4.7e-05,27565.8892954413
499,2023-10-03,4.7e-05,27439.1422393337
500,2023-10-04,6.6e-05,27797.251176505
501,2023-10-05,1e-05,27426.3450926359
502,2023-10-06,7e-06,27941.9633760959
503,2023-10-07,2.1e-05,27972.7515704266
504,2023-10-08,-2.6e-05,27936.3261157218
505,2023-10-09,1.1e-05,27591.3467618352
506,2023-10-10,7.7e-05,27419.7971803039
507,2023-10-11,6.9e-05,26828.1725710111
508,2023-10-12,0.000113,26741.3405990649
509,2023-10-13,5.3e-05,26842.4467703098
510,2023-10-14,3.3e-05,26861.9892375804
511,2023-10-15,8e-06,27130.3067092344
512,2023-10-16,-7e-06,28506.7936741671
513,2023-10-17,1.1e-05,28433.2051522501
514,2023-10-18,1.1e-05,28328.0750195792
515,2023-10-19,1.1e-05,28690.358041204
516,2023-10-20,1.1e-05,29704.9853673291
517,2023-10-21,-0.0,29922.5464044418
518,2023-10-22,1.4e-05,29984.1593196961
519,2023-10-23,7.9e-05,32954.1690482174
520,2023-10-24,6.5e-05,33880.9566537113
521,2023-10-25,0.000114,34488.6589210988
522,2023-10-26,8.9e-05,34181.4922521917
523,2023-10-27,0.000113,33896.938528346
524,2023-10-28,9.4e-05,34091.5890327294
525,2023-10-29,0.000108,34574.3377206312
526,2023-10-30,9.6e-05,34495.1050207481
527,2023-10-31,8.1e-05,34636.4264736996
528,2023-11-01,9.8e-05,35431.9794532437
529,2023-11-02,0.000132,34882.9173366452
530,2023-11-03,6.5e-05,34708.2218804792
531,2023-11-04,7e-05,35091.0763062537
532,2023-11-05,8.7e-05,35105.0420265926
533,2023-11-06,0.000128,35017.7151484512
534,2023-11-07,9e-05,35418.4768901227
535,2023-11-08,0.000136,35797.8946090006
536,2023-11-09,0.000107,36675.3264333723
537,2023-11-10,0.000126,37367.4943722969
538,2023-11-11,0.000167,36979.9312405026
539,2023-11-12,0.000172,37053.3410514319
540,2023-11-13,0.000321,36543.2680870836
541,2023-11-14,0.00015,35590.6835645821
542,2023-11-15,7.8e-05,37840.5534894798
543,2023-11-16,0.000128,36160.4044509059
544,2023-11-17,8.1e-05,36569.7120534775
545,2023-11-18,8.7e-05,36577.4249617183
546,2023-11-19,9.6e-05,37442.7285119813
547,2023-11-20,0.000105,37516.0503708358
548,2023-11-21,9.3e-05,36035.0330862069
549,2023-11-22,9.4e-05,37403.0347168323
550,2023-11-23,0.000109,37311.7192156634
551,2023-11-24,0.000101,37718.7841630625
552,2023-11-25,5.6e-05,37800.1260932203
553,2023-11-26,8.9e-05,37482.7055260082
554,2023-11-27,9.7e-05,37229.2452197545
555,2023-11-28,0.000105,37828.4655911748
556,2023-11-29,8.5e-05,37846.8531227352
557,2023-11-30,9.5e-05,37712.7114789597
558,2023-12-01,9.6e-05,38703.5536820573
559,2023-12-02,7.1e-05,39462.2799272355
560,2023-12-03,0.000112,39978.2226104617
561,2023-12-04,0.000117,41910.2994815897
562,2023-12-05,0.000111,44067.0054763296
563,2023-12-06,0.000155,43745.8343907072
564,2023-12-07,0.000102,43282.6182261835
565,2023-12-08,0.000206,44205.0522089421
566,2023-12-09,0.000115,43740.0063927528
567,2023-12-10,0.000268,43732.7120900059
568,2023-12-11,0.000225,41209.8947904734
569,2023-12-12,0.000156,41467.2735698422
570,2023-12-13,0.000181,42939.0607583285
571,2023-12-14,0.000101,43033.1371560491
572,2023-12-15,0.000105,41978.0970195792
573,2023-12-16,8.7e-05,42203.2140450029
574,2023-12-17,0.000133,41428.6657855056
575,2023-12-18,0.000135,42635.7331911163
576,2023-12-19,9.8e-05,42271.863025716
577,2023-12-20,0.000107,43644.0
578,2023-12-21,0.000236,43968.0
579,2023-12-22,0.000282,43792.0
580,2023-12-23,0.000196,43798.0
581,2023-12-24,0.000104,43057.0
582,2023-12-25,0.000151,43706.0
583,2023-12-26,0.000437,42473.0
584,2023-12-27,0.000302,43334.0
585,2023-12-28,0.000147,42619.0
586,2023-12-29,0.000526,41733.0
587,2023-12-30,0.000307,42164.0
588,2023-12-31,0.000264,42321.0
589,2024-01-01,0.000378,43552.0
590,2024-01-02,0.000604,45034.0
591,2024-01-03,0.000272,42771.0
592,2024-01-04,9.3e-05,44413.0
593,2024-01-05,8.3e-05,44020.0
594,2024-01-06,8.1e-05,43903.0
595,2024-01-07,7.9e-05,43913.0
596,2024-01-08,6.5e-05,47030.0
597,2024-01-09,0.000178,46307.0
598,2024-01-10,9.7e-05,46935.0
599,2024-01-11,0.000106,46434.0
600,2024-01-12,9.7e-05,42449.0
601,2024-01-13,9.4e-05,42962.0
602,2024-01-14,5.7e-05,42279.0
603,2024-01-15,0.000102,42571.0
604,2024-01-16,8.9e-05,43212.0
605,2024-01-17,8.1e-05,42699.0
606,2024-01-18,0.000113,41322.0
607,2024-01-19,0.000101,41636.0
608,2024-01-20,0.00011,41777.0
609,2024-01-21,9.4e-05,41601.0
610,2024-01-22,9.8e-05,39821.0
611,2024-01-23,9.8e-05,39447.0
612,2024-01-24,0.000101,39869.0
613,2024-01-25,0.000113,39949.0
614,2024-01-26,9.8e-05,41884.0
615,2024-01-27,7.4e-05,42128.0
616,2024-01-28,5.5e-05,41821.0
617,2024-01-29,9.5e-05,43157.0
618,2024-01-30,8.2e-05,43338.0
619,2024-01-31,1.1e-05,42649.0
620,2024-02-01,7.3e-05,42949.0
621,2024-02-02,7.9e-05,43152.0
622,2024-02-03,5.5e-05,43014.0
623,2024-02-04,6.8e-05,42526.0
624,2024-02-05,6.6e-05,42456.0
625,2024-02-06,8.7e-05,43179.0
626,2024-02-07,6.9e-05,44165.0
627,2024-02-08,0.000116,45333.0
628,2024-02-09,9e-06,47299.0
629,2024-02-10,8.7e-05,47843.0
630,2024-02-11,0.000101,48122.0
631,2024-02-12,0.000115,50006.0
632,2024-02-13,0.000164,49579.0
633,2024-02-14,8e-05,51835.0
634,2024-02-15,0.000101,51720.0
635,2024-02-16,0.000133,52002.0
636,2024-02-17,9.2e-05,51696.0
637,2024-02-18,0.000165,52180.0
638,2024-02-19,0.000225,51967.0
639,2024-02-20,0.00011,52287.0
640,2024-02-21,0.000121,51516.0
641,2024-02-22,0.000111,51462.0
642,2024-02-23,9.9e-05,50773.0
643,2024-02-24,0.000101,51574.0
644,2024-02-25,0.000123,51702.0
645,2024-02-26,0.000199,54675.0
646,2024-02-27,0.000295,56918.0
647,2024-02-28,0.000226,61348.0
648,2024-02-29,0.000576,61255.0
649,2024-03-01,0.000485,62481.0
650,2024-03-02,0.000262,61856.0
651,2024-03-03,0.00047,62754.0
652,2024-03-04,0.000538,67979.0
653,2024-03-05,0.000656,63187.0
654,2024-03-06,0.000331,66070.0
655,2024-03-07,0.000297,67182.0
656,2024-03-08,0.000329,68521.0
657,2024-03-09,0.000202,68497.0
658,2024-03-10,0.000313,68470.0
659,2024-03-11,0.000313,72497.0
660,2024-03-12,0.000313,71109.0
661,2024-03-13,0.000313,72985.0
662,2024-03-14,0.000239,71456.0
663,2024-03-15,0.000381,68861.0
664,2024-03-16,0.000113,66305.0
665,2024-03-17,0.000113,68209.0
666,2024-03-18,0.000171,67839.0
667,2024-03-19,0.000176,62373.0
668,2024-03-20,0.000137,67583.0
669,2024-03-21,0.000137,65420.0
670,2024-03-22,0.000137,63028.0
671,2024-03-23,0.000137,64749.0
672,2024-03-24,0.000107,66956.0
673,2024-03-25,0.000186,70369.0
674,2024-03-26,0.000183,70258.0
675,2024-03-27,0.000342,69407.0
676,2024-03-28,0.000288,70817.0
677,2024-03-29,0.000288,69928.0
678,2024-03-30,0.000288,69744.0
679,2024-03-31,0.000331,70932.0
680,2024-04-01,0.000689,69770.0
681,2024-04-02,0.000154,65774.0
682,2024-04-03,8.5e-05,66212.0
683,2024-04-04,8.9e-05,67934.0
684,2024-04-05,9.2e-05,67733.0
685,2024-04-06,9.3e-05,69074.0
686,2024-04-07,9e-05,69212.0
687,2024-04-08,0.000112,71933.0
688,2024-04-09,0.000204,69306.0
689,2024-04-10,0.000109,70587.0
690,2024-04-11,0.000122,70221.0
691,2024-04-12,0.000104,67033.0
692,2024-04-13,8.8e-05,64589.0
693,2024-04-14,7.8e-05,65380.0
694,2024-04-15,7.9e-05,63415.0
695,2024-04-16,7e-05,63813.0
696,2024-04-17,4.5e-05,61658.0
697,2024-04-18,4.5e-05,63525.0
698,2024-04-19,-1.2e-05,64113.0
699,2024-04-20,6.2e-05,64623.0
700,2024-04-21,5e-06,65037.0
701,2024-04-22,4.4e-05,67067.0
702,2024-04-23,-6.5e-05,66379.0
703,2024-04-24,3.1e-05,64080.0
704,2024-04-25,7.9e-05,64583.0
705,2024-04-26,-4e-06,63802.0
706,2024-04-27,9.2e-05,63517.0
707,2024-04-28,2.4e-05,63030.0
708,2024-04-29,1.9e-05,63798.0
709,2024-04-30,4.7e-05,60749.0
710,2024-05-01,8.9e-05,58298.0
711,2024-05-02,4e-05,59135.0
712,2024-05-03,-3.8e-05,62839.0
713,2024-05-04,-2.4e-05,63820.0
714,2024-05-05,5e-05,64010.0
715,2024-05-06,1.5e-05,63172.0
716,2024-05-07,7.3e-05,62363.0
717,2024-05-08,7.3e-05,61216.0
718,2024-05-09,7.1e-05,63149.0
719,2024-05-10,-2e-06,60888.0
720,2024-05-11,8.4e-05,60777.0
721,2024-05-12,5e-05,61507.0
722,2024-05-13,4.5e-05,62879.0
723,2024-05-14,3.7e-05,61569.0
724,2024-05-15,6.1e-05,66221.0
725,2024-05-16,2.7e-05,65261.0
726,2024-05-17,6.2e-05,67053.0
727,2024-05-18,6.2e-05,66913.0
728,2024-05-19,3.6e-05,66253.0
729,2024-05-20,3.8e-05,71430.0
730,2024-05-21,0.000131,70190.0
731,2024-05-22,0.000114,69181.0
732,2024-05-23,0.000103,67906.0
733,2024-05-24,9.1e-05,68540.0
734,2024-05-25,8.2e-05,69268.0
735,2024-05-26,9.2e-05,68509.0
736,2024-05-27,9e-05,69367.0
737,2024-05-28,0.000125,68317.0
738,2024-05-29,0.000116,67577.0
739,2024-05-30,9.2e-05,68372.0
740,2024-05-31,9.2e-05,67475.0
741,2024-06-01,0.000104,67704.0
742,2024-06-02,9.6e-05,67740.0
743,2024-06-03,0.000101,68808.0
744,2024-06-04,0.000112,70600.0
745,2024-06-05,8.9e-05,71185.0
746,2024-06-06,9.2e-05,70760.0
747,2024-06-07,9e-05,69325.0
748,2024-06-08,0.000106,69315.0
749,2024-06-09,8.5e-05,69654.0
750,2024-06-10,7.8e-05,69493.0
751,2024-06-11,8.4e-05,67329.0
752,2024-06-12,4.7e-05,68225.0
753,2024-06-13,9e-05,66700.0
754,2024-06-14,6.7e-05,66011.0
755,2024-06-15,5e-05,66190.0
756,2024-06-16,5.7e-05,66616.0
